modelo,auc,brier,tss,auc_warm,auc_cold,tss_warm,tss_cold
L1 √(lapse×WMAX),0.75 [0.74–0.77],0.20 [0.19–0.20],0.41 [0.37–0.45],0.48 [0.47–0.50],0.90 [0.89–0.91],0.04 [-0.04–0.15],0.68 [0.63–0.72]
L2 lapse + WMAX,0.76 [0.74–0.78],0.20 [0.19–0.20],0.44 [0.38–0.49],0.51 [0.48–0.54],0.89 [0.88–0.91],0.06 [-0.03–0.17],0.70 [0.64–0.76]
L3 lapse + WMAX + HR850–500,0.79 [0.77–0.81],0.18 [0.18–0.19],0.46 [0.41–0.51],0.65 [0.61–0.69],0.89 [0.87–0.90],0.26 [0.18–0.37],0.63 [0.56–0.69]
L4 √(lapse×WMAX) + HR,0.79 [0.77–0.81],0.18 [0.18–0.19],0.50 [0.44–0.56],0.64 [0.60–0.68],0.89 [0.88–0.89],0.29 [0.17–0.40],0.67 [0.61–0.69]
L5 L4 + estación + interacciones,0.84 [0.81–0.86],0.16 [0.15–0.17],0.50 [0.45–0.54],0.69 [0.64–0.76],0.88 [0.85–0.89],0.19 [0.09–0.30],0.54 [0.45–0.64]
"L6 L2 + estación×(lapse,WMAX)",0.77 [0.74–0.79],0.18 [0.17–0.20],0.43 [0.36–0.50],0.44 [0.37–0.50],0.87 [0.84–0.88],-0.07 [-0.17–0.00],0.59 [0.48–0.69]
L7 HR + LCL + viento850 (cálida),0.70 [0.66–0.73],0.22 [0.21–0.24],0.35 [0.26–0.41],0.68 [0.63–0.71],0.71 [0.66–0.74],0.28 [0.17–0.40],0.38 [0.26–0.48]
"L8 por estación: fría lapse+WMAX, cálida HR",0.80 [0.77–0.83],0.17 [0.17–0.18],0.45 [0.38–0.50],0.67 [0.56–0.75],0.83 [0.80–0.85],0.15 [-0.01–0.29],0.41 [0.31–0.48]
"L9 por estación: fría √(l×W), cálida HR",0.84 [0.80–0.86],0.16 [0.16–0.17],0.51 [0.43–0.55],0.66 [0.54–0.75],0.88 [0.85–0.90],0.14 [0.00–0.26],0.53 [0.46–0.62]
v0.2 GFS (ordinal),0.69 [0.67–0.71],0.21 [0.20–0.21],0.43 [0.43–0.43],0.49 [0.45–0.52],0.82 [0.79–0.84],0.18 [0.18–0.18],0.56 [0.56–0.56]
Árbol prof. 2,0.72 [0.67–0.79],0.22 [0.19–0.26],0.37 [0.26–0.47],0.54 [0.45–0.64],0.78 [0.72–0.85],0.06 [-0.13–0.23],0.53 [0.43–0.66]
