pred,auc_all,lo_all,hi_all,n_all,auc_cold,lo_cold,hi_cold,n_cold,auc_warm,lo_warm,hi_warm,n_warm,auc_dmg,auc_small,auc_train,auc_test,auc_warm_metar,auc_warm_prensa,pairs_win,pairs_n
max_mucape,0.5467391304347826,0.41875916208562386,0.6771080631982888,40/46,0.6709677419354839,0.4629567067067067,0.8773635477582845,31/20,0.5683760683760684,0.3749166666666667,0.7738683127572015,9/26,0.5953177257525084,0.2981366459627329,0.7013888888888888,0.4852941176470588,0.5555555555555556,0.6031746031746031,14.0,25
max_sbcape,0.4597826086956522,0.3332286760858189,0.5946725571725572,40/46,0.5483870967741935,0.3586800108932462,0.7656220131421745,31/20,0.5982905982905983,0.4044242424242424,0.7929947624392069,9/26,0.46321070234113715,0.2950310559006211,0.5902777777777778,0.4222689075630252,0.5672514619883041,0.6825396825396826,14.0,25
max_mlcape,0.5309782608695652,0.4040226482535966,0.6585735402808574,40/46,0.617741935483871,0.4187737567310738,0.8324830274921018,31/20,0.6068376068376068,0.4156289139380927,0.8134920634920635,9/26,0.568561872909699,0.27639751552795033,0.7013888888888888,0.4831932773109244,0.6257309941520468,0.5555555555555556,15.0,25
max_wmax,0.7652173913043478,0.6557090586718246,0.8653950940082232,40/46,0.8548387096774194,0.7274047619047619,0.9604810761513908,31/20,0.6709401709401709,0.4596772320910252,0.8838383838383839,9/26,0.8010033444816054,0.4409937888198758,0.7222222222222222,0.7804621848739496,0.7543859649122807,0.4444444444444444,21.0,25
max_wmax_ml,0.654891304347826,0.5187257361005124,0.7955732992497697,40/46,0.7193548387096774,0.5232820382795028,0.8971517857142857,31/20,0.6581196581196581,0.45330041152263373,0.8519943019943018,9/26,0.6789297658862876,0.37888198757763975,0.7152777777777778,0.625,0.7076023391812866,0.5238095238095238,18.0,25
max_wmax_hgz,0.7701086956521739,0.6423835313300722,0.8766681356819215,40/46,0.8564516129032258,0.7265552995391705,0.9627745098039215,31/20,0.6581196581196581,0.4444444444444444,0.8633221850613154,9/26,0.8060200668896321,0.4813664596273292,0.7430555555555556,0.7752100840336135,0.7368421052631579,0.4444444444444444,21.0,25
max_ship,0.7184782608695652,0.6053348294941283,0.8350022449744391,40/46,0.7758064516129032,0.6127435862813935,0.9157723368249684,31/20,0.6794871794871795,0.48875,0.8770238095238094,9/26,0.7408026755852842,0.30745341614906835,0.7361111111111112,0.7100840336134454,0.7251461988304093,0.5555555555555556,19.0,25
max_lapse75,0.7652173913043478,0.6662695144272179,0.8557102894269655,40/46,0.8354838709677419,0.7137630898513251,0.9419827586206896,31/20,0.5427350427350427,0.34138374485596706,0.7269537037037036,9/26,0.7307692307692307,0.5434782608695652,0.9513888888888888,0.6953781512605042,0.6081871345029239,0.36507936507936506,19.0,25
max_lapse85,0.6883152173913043,0.5665016276780982,0.8032621135134814,40/46,0.675,0.5302734475484899,0.8109565447800741,31/20,0.6367521367521367,0.43498148148148147,0.8376456876456876,9/26,0.6479933110367893,0.5186335403726708,0.7881944444444444,0.6523109243697479,0.6666666666666666,0.5555555555555556,17.0,25
max_lapse03,0.3635869565217391,0.245861424159437,0.5083281254847731,40/46,0.38387096774193546,0.22271911421911422,0.5814983164983165,31/20,0.6923076923076923,0.4880845491956603,0.8760921177587844,9/26,0.3712374581939799,0.5093167701863354,0.3680555555555556,0.37289915966386555,0.6491228070175439,0.8095238095238095,15.0,25
max_kindex,0.5671195652173913,0.43031151689924985,0.6986349628503883,40/46,0.6491935483870968,0.41719616037612645,0.8693602693602692,31/20,0.4700854700854701,0.252845625798212,0.6893181495671917,9/26,0.6446488294314381,0.2531055900621118,0.6597222222222222,0.5246848739495799,0.4766081871345029,0.4523809523809524,17.0,25
max_totals,0.8002717391304348,0.7086690292365432,0.8953402789687304,40/46,0.7911290322580645,0.6575659824046921,0.916980282309002,31/20,0.5555555555555556,0.3377777777777778,0.7555797101449275,9/26,0.7650501672240803,0.38509316770186336,0.9166666666666666,0.7699579831932774,0.5994152046783626,0.4365079365079365,20.0,25
max_cape_hgz,0.5820652173913043,0.4631385836385837,0.7246459156785243,40/46,0.6951612903225807,0.49325327255726975,0.8981135531135531,31/20,0.594017094017094,0.3688352490421456,0.7991880341880342,9/26,0.6270903010033445,0.30124223602484473,0.7361111111111112,0.5346638655462185,0.6023391812865497,0.5714285714285714,16.0,25
max_cape_below_m10,0.4472826086956522,0.327982629002014,0.5903311658630808,40/46,0.6532258064516129,0.4611211180124224,0.8635751633986928,31/20,0.5470085470085471,0.35107692307692306,0.7500555555555555,9/26,0.4866220735785953,0.2857142857142857,0.5763888888888888,0.4170168067226891,0.5263157894736842,0.6031746031746031,15.0,25
max_cape_above_frz,0.5777173913043478,0.453320987654321,0.7135919473480449,40/46,0.6854838709677419,0.48114507392768263,0.8919209532112757,31/20,0.5854700854700855,0.3768015873015873,0.7824174718196457,9/26,0.6270903010033445,0.30434782608695654,0.7430555555555556,0.5220588235294118,0.5730994152046783,0.6190476190476191,15.0,25
max_shear06,0.6086956521739131,0.4703998823366556,0.7208086358086357,40/46,0.5645161290322581,0.3845512820512821,0.7346493212669684,31/20,0.4658119658119658,0.2591168091168091,0.6909362778927995,9/26,0.5702341137123745,0.6956521739130435,0.3611111111111111,0.6817226890756303,0.52046783625731,0.31746031746031744,13.0,25
max_shear03,0.5880434782608696,0.46234872421927414,0.7079112496447854,40/46,0.55,0.3671415701415702,0.7477565922920892,31/20,0.43162393162393164,0.2340693804403482,0.6403266620657924,9/26,0.568561872909699,0.5559006211180124,0.3888888888888889,0.6512605042016807,0.4853801169590643,0.2857142857142857,15.0,25
max_shear0_850,0.5293478260869565,0.3953368301314459,0.6734105775778461,40/46,0.5064516129032258,0.30676911544227886,0.7387754863449307,31/20,0.38461538461538464,0.20985280151946817,0.5965020576131687,9/26,0.4882943143812709,0.4658385093167702,0.6111111111111112,0.49159663865546216,0.43859649122807015,0.23809523809523808,13.0,25
max_shear850_500,0.5978260869565217,0.46524160102637546,0.7148002809819579,40/46,0.5387096774193548,0.368900576449743,0.7185300925925926,31/20,0.48717948717948717,0.2817328042328042,0.6811594202898551,9/26,0.5769230769230769,0.6490683229813664,0.4236111111111111,0.6313025210084033,0.5614035087719298,0.2857142857142857,15.0,25
max_shear700_400,0.6021739130434782,0.4773160439283294,0.7102583695374393,40/46,0.6161290322580645,0.4656813130110344,0.7617482624151103,31/20,0.5170940170940171,0.329201646090535,0.7314814814814815,9/26,0.5752508361204013,0.7329192546583851,0.4027777777777778,0.6701680672268907,0.5730994152046783,0.36507936507936506,15.0,25
max_wspd500,0.6480978260869565,0.5144464195934784,0.7650034176349965,40/46,0.6129032258064516,0.4326705955334988,0.7983883768561187,31/20,0.45726495726495725,0.24230303030303033,0.6574074074074074,9/26,0.6162207357859532,0.8136645962732919,0.5763888888888888,0.6754201680672269,0.5029239766081871,0.3333333333333333,14.0,25
max_wspd850,0.5244565217391305,0.39661611635678345,0.6608034776520013,40/46,0.4241935483870968,0.23158867780186151,0.6591832088872701,31/20,0.3247863247863248,0.14814814814814814,0.5238095238095238,9/26,0.4916387959866221,0.531055900621118,0.5902777777777778,0.5031512605042017,0.3742690058479532,0.19047619047619047,11.0,25
max_wspd_hgz,0.6248313090418354,0.4885852713178295,0.7509393733331957,38/39,0.603225806451613,0.41873086734693876,0.7733580746738641,31/20,0.556390977443609,0.324606971975393,0.7598484848484848,7/19,0.5405982905982906,0.5897435897435898,0.5277777777777778,0.6766381766381766,0.6483516483516484,0.35714285714285715,13.0,20
max_lapse_x_wmax,0.8016304347826086,0.7003318431030948,0.8895634289751936,40/46,0.8580645161290322,0.7449483970136144,0.9649588867805187,31/20,0.6282051282051282,0.4305331541218638,0.8240740740740741,9/26,0.8177257525083612,0.39751552795031053,0.9027777777777778,0.7689075630252101,0.695906432748538,0.4444444444444444,21.0,25
max_cape_x_lapse,0.7057065217391304,0.5937370725317154,0.8202380952380952,40/46,0.7903225806451613,0.6372245484400657,0.9344378591954022,31/20,0.5982905982905983,0.4166152263374486,0.7916968599033816,9/26,0.717391304347826,0.31832298136645965,0.8125,0.678046218487395,0.6198830409356725,0.5396825396825397,18.0,25
max_lhp_termA,0.6377717391304348,0.5133964254835452,0.7703935185185184,40/46,0.6258064516129033,0.42937992290933463,0.8511403867102396,31/20,0.7136752136752137,0.5656417112299466,0.8585858585858586,9/26,0.6112040133779264,0.34782608695652173,0.9097222222222222,0.5404411764705882,0.6783625730994152,0.8095238095238095,16.0,25
max_showers,0.5755434782608696,0.4424245860815722,0.7049797201029505,40/46,0.682258064516129,0.4812867192331478,0.882447817836812,31/20,0.2948717948717949,0.10725758915414088,0.49145299145299143,9/26,0.596989966555184,0.2826086956521739,0.5659722222222222,0.5982142857142857,0.3216374269005848,0.2222222222222222,16.0,25
max_precip,0.47282608695652173,0.35812933949358594,0.5857369614512472,40/46,0.5491935483870968,0.39291871921182264,0.715094017094017,31/20,0.35683760683760685,0.1688888888888889,0.5727207977207976,9/26,0.3988294314381271,0.30434782608695654,0.2708333333333333,0.5477941176470589,0.41228070175438597,0.20634920634920634,11.0,25
max_model_cape,0.5510869565217391,0.4287405762029148,0.6737608449176772,40/46,0.6411290322580645,0.44812504898119127,0.8577716503267973,31/20,0.6111111111111112,0.4088745519713262,0.8272166105499439,9/26,0.6070234113712375,0.30124223602484473,0.6944444444444444,0.5126050420168067,0.6140350877192983,0.6031746031746031,15.0,25
max_mu_mixr,0.3804347826086957,0.25874090270523065,0.5110010822510822,40/46,0.5596774193548387,0.3516064522200567,0.791082701683214,31/20,0.5042735042735043,0.280168249208729,0.7348011606076122,9/26,0.46321070234113715,0.19254658385093168,0.4722222222222222,0.36134453781512604,0.47953216374269003,0.5714285714285714,13.0,25
max_ml_mixr,0.39456521739130435,0.27066202576070447,0.5234077208119019,40/46,0.5870967741935483,0.39554361799816345,0.7880782839451569,31/20,0.3974358974358974,0.17689583333333336,0.6113095238095236,9/26,0.47324414715719065,0.15217391304347827,0.4861111111111111,0.3707983193277311,0.391812865497076,0.4126984126984127,13.0,25
max_pw,0.3527173913043478,0.23415629666500748,0.48095330023901456,40/46,0.5580645161290323,0.3604333604684236,0.748642857142857,31/20,0.29914529914529914,0.10573743386243387,0.5185925925925925,9/26,0.4297658862876254,0.22981366459627328,0.3888888888888889,0.36659663865546216,0.30994152046783624,0.2698412698412698,11.0,25
max_td2,0.38206521739130433,0.2668124306460173,0.5103113266583229,40/46,0.5596774193548387,0.3580724206349206,0.805668016194332,31/20,0.5128205128205128,0.2818856554967666,0.7600658436213992,9/26,0.45819397993311034,0.18788819875776397,0.4548611111111111,0.36081932773109243,0.49122807017543857,0.5714285714285714,13.0,25
max_el_agl,0.4641304347826087,0.3466165258885476,0.5886877144020001,40/46,0.5758064516129032,0.3862390029325513,0.7964356379441767,31/20,0.47863247863247865,0.2776881720430108,0.6908212560386473,9/26,0.5484949832775919,0.22981366459627328,0.5902777777777778,0.41596638655462187,0.47953216374269003,0.47619047619047616,11.0,25
max_rh75,0.28858695652173916,0.2001228083762927,0.39281279178338,40/46,0.28225806451612906,0.15969117089806745,0.39395919984155275,31/20,0.23504273504273504,0.10618503879373445,0.39141505636070845,9/26,0.2826086956521739,0.3059006211180124,0.013888888888888888,0.38445378151260506,0.2573099415204678,0.1746031746031746,7.0,25
max_rh87,0.4355978260869565,0.31829511068641503,0.5566493870275382,40/46,0.45241935483870965,0.29031864673485447,0.6054085726351351,31/20,0.24358974358974358,0.09053497942386832,0.4100191570881226,9/26,0.4899665551839465,0.33229813664596275,0.2847222222222222,0.49264705882352944,0.25146198830409355,0.2222222222222222,10.0,25
max_env_v02,0.7744565217391305,0.669644043254158,0.8640729294514322,40/46,0.8379032258064516,0.7254849170437405,0.9472707648026316,31/20,0.5363247863247863,0.34891782407407407,0.7306018518518518,9/26,0.7876254180602007,0.4440993788819876,0.8854166666666666,0.7247899159663865,0.5935672514619883,0.38095238095238093,16.5,25
max_cape_above_m10,0.5842391304347826,0.4425213126057795,0.7241680487984666,40/46,0.6774193548387096,0.4754092650644375,0.8770626432391138,31/20,0.5726495726495726,0.37630082808058335,0.7777777777777778,9/26,0.6220735785953178,0.3136645962732919,0.75,0.5157563025210085,0.5730994152046783,0.5714285714285714,15.0,25
max_eff_shear,0.7951086956521739,0.6889574314574315,0.8848184922312828,40/46,0.8516129032258064,0.7059605672105672,0.9584361062326292,31/20,0.6452991452991453,0.4166218637992832,0.8564814814814815,9/26,0.8260869565217391,0.37267080745341613,0.8125,0.7899159663865546,0.7134502923976608,0.4603174603174603,20.0,25
max_rh85_50,0.297554347826087,0.2094725202333898,0.3987499273213559,40/46,0.2838709677419355,0.15264662882696942,0.4026695526695526,31/20,0.26282051282051283,0.10254700854700854,0.4375694444444444,9/26,0.318561872909699,0.2453416149068323,0.0625,0.3744747899159664,0.2807017543859649,0.21428571428571427,8.0,25
max_lapse36,0.758695652173913,0.6531097849767927,0.8545497162287171,40/46,0.8161290322580645,0.6842186145175275,0.9343063186813186,31/20,0.5470085470085471,0.3555197132616488,0.7408382066276802,9/26,0.7140468227424749,0.5186335403726708,0.9722222222222222,0.6754201680672269,0.6023391812865497,0.3968253968253968,19.0,25
max_wmax_m10,0.7820652173913043,0.671435012131943,0.8832755051202826,40/46,0.8483870967741935,0.7160246913580246,0.9644566854244273,31/20,0.6709401709401709,0.46825396825396826,0.8744263285024154,9/26,0.8093645484949833,0.4440993788819876,0.7638888888888888,0.7878151260504201,0.7426900584795322,0.47619047619047616,20.0,25
max_wmax_eff,0.7206521739130435,0.6026027823920266,0.8323134213759213,40/46,0.8064516129032258,0.6606287629994526,0.9392494929006084,31/20,0.6709401709401709,0.47218013468013464,0.8803577081354859,9/26,0.7525083612040134,0.2981366459627329,0.6944444444444444,0.7373949579831933,0.7251461988304093,0.5238095238095238,17.0,25
max_neg_li,0.5902173913043478,0.4631941389063482,0.7255212466931217,40/46,0.7322580645161291,0.5321307052412713,0.9182849364791289,31/20,0.5854700854700855,0.3632336182336182,0.7949059829059828,9/26,0.6086956521739131,0.2360248447204969,0.7013888888888888,0.5808823529411765,0.6081871345029239,0.5238095238095238,17.0,25
max_neg_t500,0.6630434782608695,0.5418001032706915,0.7795616351733373,40/46,0.5620967741935484,0.38163082437275986,0.7266223155929038,31/20,0.5790598290598291,0.3636258417508418,0.7813964709126,9/26,0.5627090301003345,0.7763975155279503,0.6909722222222222,0.6496848739495799,0.6432748538011696,0.40476190476190477,20.0,25
p90_wmax,0.7690217391304348,0.6530806570690292,0.8770794289689638,40/46,0.8338709677419355,0.6860570926657883,0.9576058201058201,31/20,0.6538461538461539,0.44871003482114596,0.8472479423868312,9/26,0.7976588628762542,0.46273291925465837,0.7847222222222222,0.7657563025210085,0.7251461988304093,0.4603174603174603,22.0,25
p50_wmax,0.6864130434782608,0.5628897956706614,0.8009240303884313,40/46,0.7387096774193549,0.5664934863523573,0.8964099099099099,31/20,0.5363247863247863,0.3305208333333333,0.7552175191064079,9/26,0.6555183946488294,0.39751552795031053,0.6909722222222222,0.6964285714285714,0.5994152046783626,0.36507936507936506,15.0,25
ctr_wmax,0.7771739130434783,0.6684545963618264,0.8720058444969792,40/46,0.8548387096774194,0.7135236771015414,0.970740095496193,31/20,0.6367521367521367,0.42652674897119347,0.8334291187739463,9/26,0.8076923076923077,0.5124223602484472,0.7708333333333334,0.7773109243697479,0.6900584795321637,0.49206349206349204,23.0,25
medpt_wmax,0.7728260869565218,0.660796817260085,0.8787210820095994,40/46,0.8483870967741935,0.7144470264867566,0.9671160130718953,31/20,0.6367521367521367,0.41777011494252875,0.8412698412698413,9/26,0.794314381270903,0.4968944099378882,0.75,0.7762605042016807,0.7076023391812866,0.4444444444444444,22.0,25
p90_lapse75,0.7793478260869565,0.6828134300595239,0.8705755192442426,40/46,0.8580645161290322,0.7460810023310024,0.9558125,31/20,0.5470085470085471,0.35628352490421455,0.7407407407407407,9/26,0.754180602006689,0.5527950310559007,0.9652777777777778,0.7226890756302521,0.6081871345029239,0.38095238095238093,21.0,25
p50_lapse75,0.8114130434782608,0.7155830280830281,0.891868894993895,40/46,0.8725806451612903,0.7578870639164756,0.9603221151608249,31/20,0.6153846153846154,0.42382874327318776,0.7931602100184475,9/26,0.8210702341137124,0.4440993788819876,0.9027777777777778,0.7636554621848739,0.6491228070175439,0.5238095238095238,20.0,25
ctr_lapse75,0.7684782608695652,0.6674980457299199,0.8569230436268573,40/46,0.85,0.7394682983682983,0.950192660900465,31/20,0.5299145299145299,0.3333333333333333,0.7200082304526748,9/26,0.7474916387959866,0.5434782608695652,0.9513888888888888,0.7016806722689075,0.5906432748538012,0.36507936507936506,18.0,25
medpt_lapse75,0.775,0.6675458201632306,0.8652739875019775,40/46,0.853225806451613,0.7470220588235295,0.9516129032258065,31/20,0.5341880341880342,0.33314814814814814,0.7248816485658591,9/26,0.7508361204013378,0.5590062111801242,0.9652777777777778,0.7090336134453782,0.5906432748538012,0.38095238095238093,19.0,25
p90_ship,0.6910326086956522,0.5704999469129904,0.8076322296889158,40/46,0.7548387096774194,0.5642375607336675,0.9291764773776546,31/20,0.6688034188034188,0.47854344729344733,0.8632754342431762,9/26,0.7224080267558528,0.31832298136645965,0.7673611111111112,0.6817226890756303,0.7105263157894737,0.5555555555555556,20.0,25
p50_ship,0.6119565217391304,0.48668478260869563,0.7382978723404255,40/46,0.6693548387096774,0.47140948404097077,0.8580687111801242,31/20,0.5213675213675214,0.30686772486772484,0.7600658436213992,9/26,0.6036789297658863,0.31832298136645965,0.6111111111111112,0.6402310924369747,0.5555555555555556,0.42857142857142855,14.0,25
ctr_ship,0.6986413043478261,0.5732307905273021,0.8158664467343761,40/46,0.7564516129032258,0.5887484310561234,0.9117172675521822,31/20,0.6410256410256411,0.4270553315412186,0.8519795657726691,9/26,0.7274247491638796,0.31211180124223603,0.7326388888888888,0.6917016806722689,0.7017543859649122,0.47619047619047616,22.0,25
medpt_ship,0.7054347826086956,0.5819486536354725,0.8169241417497232,40/46,0.7596774193548387,0.590254552211074,0.9213239854687223,31/20,0.6517094017094017,0.4484058565955118,0.8485050505050505,9/26,0.7357859531772575,0.3167701863354037,0.7638888888888888,0.6964285714285714,0.7105263157894737,0.49206349206349204,21.0,25
p90_mucape,0.5706521739130435,0.448289645403616,0.7057088064948043,40/46,0.682258064516129,0.47565794416173407,0.8889444444444443,31/20,0.6153846153846154,0.42906201220377466,0.8068097361575622,9/26,0.6237458193979933,0.32608695652173914,0.7222222222222222,0.5252100840336135,0.5964912280701754,0.6666666666666666,17.0,25
p50_mucape,0.5516304347826086,0.4286863692961254,0.6776676650223162,40/46,0.6258064516129033,0.430820987654321,0.8395036764705882,31/20,0.5235042735042735,0.3085802469135802,0.7407952069716774,9/26,0.5668896321070234,0.3385093167701863,0.6076388888888888,0.5451680672268907,0.5350877192982456,0.49206349206349204,14.0,25
ctr_mucape,0.5777173913043478,0.4572469197469197,0.7100842665225736,40/46,0.6935483870967742,0.48104031385281387,0.8909138318356867,31/20,0.6111111111111112,0.4222222222222222,0.8024971941638608,9/26,0.6488294314381271,0.3105590062111801,0.7152777777777778,0.5273109243697479,0.6140350877192983,0.6031746031746031,17.0,25
medpt_mucape,0.5760869565217391,0.44915637903612,0.7050039271269681,40/46,0.6774193548387096,0.4660423681257015,0.883725369458128,31/20,0.6025641025641025,0.4021086212262683,0.8,9/26,0.6321070234113713,0.3198757763975155,0.7291666666666666,0.5210084033613446,0.5964912280701754,0.6190476190476191,16.0,25
p90_cape_hgz,0.6027173913043479,0.47604419267209963,0.7316039952996475,40/46,0.6919354838709677,0.47923893310990084,0.9023654513888889,31/20,0.6089743589743589,0.411522633744856,0.7955925925925925,9/26,0.6337792642140468,0.3447204968944099,0.7361111111111112,0.5661764705882353,0.6169590643274854,0.5873015873015873,19.0,25
p50_cape_hgz,0.5929347826086957,0.46326092373886496,0.7245279421433267,40/46,0.6451612903225806,0.4560203598484848,0.8452459273182957,31/20,0.5470085470085471,0.32267992424242425,0.7626669925057021,9/26,0.5785953177257525,0.33540372670807456,0.6666666666666666,0.5987394957983193,0.5701754385964912,0.48412698412698413,14.5,25
ctr_cape_hgz,0.6095108695652174,0.47436503682148284,0.7400812107788852,40/46,0.7048387096774194,0.4973324675324675,0.9126984126984127,31/20,0.6111111111111112,0.4032664609053498,0.8056069958847737,9/26,0.6806020066889632,0.3167701863354037,0.7326388888888888,0.569327731092437,0.631578947368421,0.5555555555555556,20.0,25
medpt_cape_hgz,0.6135869565217391,0.48084755740072543,0.7335390868821101,40/46,0.6983870967741935,0.48993478260869566,0.8995760959470637,31/20,0.6153846153846154,0.4238425925925926,0.8044521072796934,9/26,0.6588628762541806,0.32919254658385094,0.7569444444444444,0.5777310924369747,0.6491228070175439,0.5238095238095238,20.0,25
p90_lapse_x_wmax,0.808695652173913,0.708316772655008,0.8992648405516053,40/46,0.8870967741935484,0.7761971955198871,0.9833333333333333,31/20,0.5854700854700855,0.39314713064713064,0.7826317000230044,9/26,0.8093645484949833,0.40993788819875776,0.8819444444444444,0.7762605042016807,0.6549707602339181,0.3968253968253968,21.0,25
p50_lapse_x_wmax,0.7404891304347826,0.62440020052786,0.8486675438596492,40/46,0.8290322580645161,0.7073626645609156,0.9414192708333333,31/20,0.4722222222222222,0.2829172653256705,0.6752136752136753,9/26,0.7157190635451505,0.40993788819875776,0.7881944444444444,0.7510504201680672,0.5116959064327485,0.36507936507936506,18.0,25
ctr_lapse_x_wmax,0.7983695652173913,0.6917730294396961,0.8953421409214093,40/46,0.8903225806451613,0.7910584207459207,0.9838709677419355,31/20,0.5811965811965812,0.3868312757201646,0.7916666666666666,9/26,0.7993311036789298,0.38509316770186336,0.8472222222222222,0.7783613445378151,0.6608187134502924,0.36507936507936506,22.0,25
medpt_lapse_x_wmax,0.7986413043478261,0.6991989356884059,0.8980297619047619,40/46,0.882258064516129,0.7665873015873016,0.9835385203032261,31/20,0.5769230769230769,0.37459729570840683,0.7565207780725021,9/26,0.8010033444816054,0.40993788819875776,0.8958333333333334,0.7599789915966386,0.6374269005847953,0.4126984126984127,21.0,25
p90_showers,0.5796195652173913,0.44315259656494177,0.6937483314670483,40/46,0.7080645161290322,0.5503110395351775,0.8577821469382266,31/20,0.17307692307692307,0.0740442054958184,0.30922906602254424,9/26,0.5760869565217391,0.4114906832298137,0.5104166666666666,0.6081932773109243,0.2134502923976608,0.06349206349206349,13.0,25
p50_showers,0.5774456521739131,0.4767591367663104,0.6691120069269773,40/46,0.6209677419354839,0.4951313140198608,0.7242672368282124,31/20,0.4230769230769231,0.37037037037037035,0.4782608695652174,9/26,0.5944816053511706,0.5760869565217391,0.4583333333333333,0.6271008403361344,0.4473684210526316,0.35714285714285715,13.0,25
ctr_showers,0.5565217391304348,0.42584860677821895,0.6822915721844293,40/46,0.6612903225806451,0.4783595941263818,0.8631743505658436,31/20,0.24786324786324787,0.10712759462759462,0.4334259259259259,9/26,0.5618729096989966,0.36024844720496896,0.5625,0.5546218487394958,0.29239766081871343,0.12698412698412698,14.0,25
medpt_showers,0.5527173913043478,0.4214114900717158,0.670072175211548,40/46,0.6951612903225807,0.5111449748168498,0.8810489980449658,31/20,0.2094017094017094,0.07468071519795659,0.38667489711934155,9/26,0.5484949832775919,0.35403726708074534,0.5243055555555556,0.5698529411764706,0.23391812865497075,0.14285714285714285,13.0,25
p90_kindex,0.5461956521739131,0.4209574468085106,0.6770818954632056,40/46,0.6064516129032258,0.3799075630252101,0.8404067460317459,31/20,0.42094017094017094,0.2060542309490416,0.6303204458376872,9/26,0.6095317725752508,0.2422360248447205,0.6944444444444444,0.4963235294117647,0.40350877192982454,0.46825396825396826,16.0,25
p50_kindex,0.48641304347826086,0.3567219492219492,0.6068721032412592,40/46,0.49193548387096775,0.30877252398236976,0.6812919577655109,31/20,0.33760683760683763,0.1712962962962963,0.5156398467432949,9/26,0.4205685618729097,0.2453416149068323,0.6111111111111112,0.44695378151260506,0.27485380116959063,0.5079365079365079,9.0,25
ctr_kindex,0.5510869565217391,0.4229276895943562,0.669497802832167,40/46,0.6330645161290323,0.4359504399585921,0.8512627032520325,31/20,0.49145299145299143,0.28502415458937197,0.7223251028806583,9/26,0.6496655518394648,0.2670807453416149,0.7222222222222222,0.48686974789915966,0.47953216374269003,0.5238095238095238,18.0,25
medpt_kindex,0.5557065217391305,0.4263786365610074,0.6852850895635354,40/46,0.6451612903225806,0.44894132653061225,0.8643479437229437,31/20,0.45085470085470086,0.246280193236715,0.6755555555555556,9/26,0.6312709030100334,0.26242236024844723,0.7152777777777778,0.4989495798319328,0.4327485380116959,0.5,16.0,25
p90_totals,0.811141304347826,0.7104411917417915,0.8908799849140758,40/46,0.8362903225806452,0.7284876413908672,0.9461805555555556,31/20,0.5576923076923077,0.33126920122887865,0.7488012166756128,9/26,0.7709030100334449,0.40372670807453415,0.9236111111111112,0.7647058823529411,0.5877192982456141,0.47619047619047616,20.0,25
p50_totals,0.7108695652173913,0.601747333604007,0.8180925534413906,40/46,0.6983870967741935,0.5406698724370534,0.8511963118580765,31/20,0.5299145299145299,0.3251984126984127,0.7357394636015324,9/26,0.6354515050167224,0.35248447204968947,0.7361111111111112,0.7058823529411765,0.49707602339181284,0.6190476190476191,17.0,25
ctr_totals,0.8105978260869565,0.7047309344790548,0.8982671957671957,40/46,0.8137096774193548,0.6797099673202615,0.9360863095238094,31/20,0.6068376068376068,0.3973708658491267,0.8195116487455196,9/26,0.7809364548494984,0.38198757763975155,0.9270833333333334,0.7678571428571429,0.6491228070175439,0.49206349206349204,21.0,25
medpt_totals,0.8059782608695653,0.7058428741241242,0.8997789858008359,40/46,0.817741935483871,0.6915586636953631,0.9376163596751832,31/20,0.5641025641025641,0.3433737373737374,0.773742050130939,9/26,0.7834448160535117,0.3804347826086957,0.9236111111111112,0.7641806722689075,0.6023391812865497,0.4603174603174603,20.0,25
p90_cape_above_m10,0.6146739130434783,0.4983514996907854,0.7475157028654486,40/46,0.6870967741935484,0.47509483980072215,0.8835449735449735,31/20,0.6346153846153846,0.4282988185317934,0.8334656084656084,9/26,0.6505016722408027,0.3447204968944099,0.7638888888888888,0.5682773109243697,0.6228070175438597,0.6666666666666666,18.0,25
p50_cape_above_m10,0.5940217391304348,0.46984585874483575,0.7136990657920891,40/46,0.6435483870967742,0.42896969696969695,0.8405775193122063,31/20,0.5470085470085471,0.3333333333333333,0.7663531870428422,9/26,0.5953177257525084,0.34782608695652173,0.6875,0.5903361344537815,0.5526315789473685,0.5317460317460317,14.5,25
ctr_cape_above_m10,0.6198369565217391,0.49408107917723304,0.7402639087965175,40/46,0.6870967741935484,0.487758152173913,0.8861664040616246,31/20,0.6239316239316239,0.43619816397594174,0.8104166666666665,9/26,0.68561872909699,0.32298136645962733,0.7604166666666666,0.5682773109243697,0.6374269005847953,0.5873015873015873,19.0,25
medpt_cape_above_m10,0.6228260869565218,0.4996910852251117,0.7553251957031026,40/46,0.6854838709677419,0.48222118477020437,0.8907407407407407,31/20,0.6324786324786325,0.44808429118773946,0.8284030784030783,9/26,0.6655518394648829,0.3136645962732919,0.7638888888888888,0.5661764705882353,0.631578947368421,0.6349206349206349,19.0,25
p90_wbz_agl,0.3739130434782609,0.24380866807610993,0.49748853029583917,40/46,0.5241935483870968,0.3595303905580585,0.7070609318996415,31/20,0.34615384615384615,0.16418679549114332,0.5354747474747473,9/26,0.44481605351170567,0.27639751552795033,0.3333333333333333,0.39915966386554624,0.3567251461988304,0.31746031746031744,8.0,25
p50_wbz_agl,0.3695652173913043,0.23439926368425354,0.5058091440191348,40/46,0.43548387096774194,0.2591871921182266,0.6086637162702071,31/20,0.3888888888888889,0.1990410052910053,0.6138380138380137,9/26,0.38127090301003347,0.30745341614906835,0.25,0.41281512605042014,0.3567251461988304,0.47619047619047616,7.0,25
ctr_wbz_agl,0.3744565217391304,0.2520660800552105,0.5056175402179554,40/46,0.5516129032258065,0.3556498015873016,0.7286560150375939,31/20,0.33760683760683763,0.15873015873015872,0.5278333333333333,9/26,0.44481605351170567,0.2608695652173913,0.3125,0.39705882352941174,0.32748538011695905,0.36507936507936506,8.0,25
medpt_wbz_agl,0.3673913043478261,0.2423538059997357,0.5013634513634513,40/46,0.5290322580645161,0.3365564963359081,0.7055559845559846,31/20,0.3418803418803419,0.1574074074074074,0.5467279693486589,9/26,0.4431438127090301,0.2608695652173913,0.3125,0.3897058823529412,0.34502923976608185,0.3333333333333333,8.0,25
p90_rh85_50,0.28641304347826085,0.19713783082511677,0.38223039762170197,40/46,0.3032258064516129,0.1827627432551968,0.41782172639170595,31/20,0.17094017094017094,0.06893604479811377,0.31313131313131315,9/26,0.2909698996655518,0.2422360248447205,0.0,0.3697478991596639,0.19298245614035087,0.1111111111111111,7.0,25
p50_rh85_50,0.47092391304347825,0.3395717466938397,0.5971249938005257,40/46,0.4806451612903226,0.3078355957767723,0.6410064935064934,31/20,0.3418803418803419,0.17764957264957265,0.511159420289855,9/26,0.3704013377926421,0.30434782608695654,0.3333333333333333,0.5262605042016807,0.3508771929824561,0.31746031746031744,10.0,25
ctr_rh85_50,0.29918478260869563,0.20576803631151455,0.3944946808510638,40/46,0.2838709677419355,0.1583158263305322,0.4068910256410256,31/20,0.2948717948717949,0.1111111111111111,0.5111965811965811,9/26,0.33612040133779264,0.21428571428571427,0.0763888888888889,0.36134453781512604,0.30994152046783624,0.25396825396825395,8.0,25
medpt_rh85_50,0.29483695652173914,0.20544610640075364,0.4010956339057362,40/46,0.2725806451612903,0.15810711446740858,0.3931704980842911,31/20,0.24786324786324787,0.1003405017921147,0.4074735449735449,9/26,0.3210702341137124,0.20652173913043478,0.027777777777777776,0.38182773109243695,0.2631578947368421,0.20634920634920634,6.0,25
frac_strong,0.7293478260869565,0.6135674095725246,0.8324783775252526,40/46,0.8080645161290323,0.6778859416445623,0.9090968899521531,31/20,0.49145299145299143,0.32262820512820517,0.6867350427350426,9/26,0.7642140468227425,0.4984472049689441,0.7986111111111112,0.7048319327731093,0.5584795321637427,0.30952380952380953,16.5,25
frac_supp,0.7722826086956521,0.6612568135624538,0.869371620443049,40/46,0.8653225806451613,0.7606820270106274,0.9516572580645162,31/20,0.5106837606837606,0.307853835978836,0.7136455026455024,9/26,0.7759197324414716,0.4813664596273292,0.7777777777777778,0.7741596638655462,0.5584795321637427,0.38095238095238093,20.0,25
hours_strong,0.7347826086956522,0.6302676282051283,0.833024281628269,40/46,0.8064516129032258,0.6872865079365079,0.8965770791075051,31/20,0.5064102564102564,0.33101851851851855,0.6934670781893004,9/26,0.7734113712374582,0.4922360248447205,0.8125,0.7053571428571429,0.5701754385964912,0.3333333333333333,17.0,25
hours_supp,0.777445652173913,0.6776308760683761,0.8657826116933259,40/46,0.8419354838709677,0.7139030870445344,0.9422781738958209,31/20,0.532051282051282,0.3365536492374728,0.7272560386473428,9/26,0.7851170568561873,0.4642857142857143,0.8125,0.7694327731092437,0.5701754385964912,0.42857142857142855,18.5,25
pts_strong,0.720108695652174,0.6153520809770809,0.8201427979122243,40/46,0.7814516129032258,0.6545688013136288,0.9032258064516129,31/20,0.49572649572649574,0.340679012345679,0.6911111111111111,9/26,0.75,0.4984472049689441,0.8125,0.6832983193277311,0.564327485380117,0.30952380952380953,16.5,25
hours_conv,0.5891304347826087,0.4525009628134628,0.6998808652570977,40/46,0.7080645161290322,0.5489914062500001,0.8616065163210491,31/20,0.21367521367521367,0.06662551440329219,0.4097675120772946,9/26,0.5476588628762542,0.39906832298136646,0.5347222222222222,0.6171218487394958,0.24269005847953215,0.1349206349206349,11.5,25
ctr_env,0.7497282608695652,0.6419851899092971,0.8364343492705474,40/46,0.8459677419354839,0.7385570638511816,0.9486152836134454,31/20,0.4551282051282051,0.28205128205128205,0.6528409090909091,9/26,0.7349498327759197,0.4891304347826087,0.7951388888888888,0.7258403361344538,0.5175438596491229,0.2857142857142857,18.0,25
pk_wbz_agl,0.36086956521739133,0.24231645058459828,0.48358816339696553,40/46,0.47096774193548385,0.29366334033613445,0.6619535068426198,31/20,0.3974358974358974,0.21706581948517434,0.613186616568259,9/26,0.4498327759197324,0.2391304347826087,0.3680555555555556,0.3739495798319328,0.40350877192982454,0.38095238095238093,9.0,25
pk_frz_agl,0.39945652173913043,0.27833174776772335,0.5355036959007463,40/46,0.5129032258064516,0.33270024089129785,0.7034544334975369,31/20,0.5128205128205128,0.2974047619047619,0.7576969696969695,9/26,0.5167224080267558,0.19875776397515527,0.375,0.41386554621848737,0.49122807017543857,0.5714285714285714,11.0,25
pk_hgz_depth,0.3353260869565217,0.23124935580292724,0.4574143955276031,40/46,0.5274193548387097,0.3641894087069526,0.6964370748299319,31/20,0.2094017094017094,0.0992063492063492,0.3335069444444443,9/26,0.30267558528428096,0.6086956521739131,0.1527777777777778,0.3907563025210084,0.2573099415204678,0.07936507936507936,9.0,25
pk_lcl_agl,0.421195652173913,0.3145276664367073,0.5478120782726046,40/46,0.39838709677419354,0.23427479808482854,0.5676201923076921,31/20,0.6965811965811965,0.49330434782608695,0.8796957671957671,9/26,0.43812709030100333,0.546583850931677,0.4375,0.40756302521008403,0.672514619883041,0.7619047619047619,13.0,25
pk_rh75,0.36,0.24657754010695188,0.47661799826313506,40/45,0.40161290322580645,0.24128352490421456,0.5729376750700279,31/20,0.3288888888888889,0.16656378600823046,0.5318253968253968,9/25,0.3282051282051282,0.4444444444444444,0.1875,0.4274891774891775,0.3395061728395062,0.30158730158730157,8.0,25
pk_rh87,0.3894021739130435,0.2739929494525083,0.4989375208125208,40/46,0.40725806451612906,0.25636363636363635,0.5727266350372409,31/20,0.3076923076923077,0.13573749187784276,0.4880636070853461,9/26,0.5058528428093646,0.2422360248447205,0.2708333333333333,0.43960084033613445,0.32748538011695905,0.25396825396825395,11.0,25
pk_pw,0.40217391304347827,0.28210548172757477,0.5275478225478225,40/46,0.5870967741935483,0.4008431952662722,0.7625154174573054,31/20,0.3162393162393162,0.14808201058201056,0.5024798711755233,9/26,0.4682274247491639,0.16459627329192547,0.4305555555555556,0.41491596638655465,0.3333333333333333,0.2698412698412698,12.0,25
pk_t500,0.31444444444444447,0.20897046039709083,0.437441037735849,40/45,0.3943548387096774,0.2258263888888889,0.5825411854698781,31/20,0.4688888888888889,0.27195568882225557,0.6923153235653235,9/25,0.4222222222222222,0.2,0.2777777777777778,0.33170995670995673,0.43209876543209874,0.5634920634920635,4.5,25
pk_z10_agl,0.33260869565217394,0.22463204910063198,0.4518417996210037,40/46,0.4096774193548387,0.23378456221198157,0.5806727322856355,31/20,0.5,0.28648148148148145,0.7037842190016103,9/26,0.4397993311036789,0.18322981366459629,0.2916666666666667,0.3539915966386555,0.47368421052631576,0.5714285714285714,5.0,25
pk_mu_elevated,0.5445652173913044,0.40307971014492755,0.6629477108036891,40/46,0.46774193548387094,0.2857142857142857,0.6190548340548341,31/20,0.4700854700854701,0.3044789829512052,0.6210200746965452,9/26,0.6496655518394648,0.4192546583850932,0.4270833333333333,0.5814075630252101,0.49707602339181284,0.3968253968253968,11.0,25
pk_lapse75,0.7872222222222223,0.6821659289951973,0.8690239617666446,40/45,0.8935483870967742,0.7916666666666666,0.9765943227724434,31/20,0.4711111111111111,0.28441975308641976,0.6491666666666667,9/25,0.7658119658119659,0.6444444444444445,0.9027777777777778,0.737012987012987,0.5185185185185185,0.3492063492063492,20.0,25
pk_shear06,0.7336956521739131,0.6114535413524385,0.8297077546296296,40/46,0.7596774193548387,0.616435923028215,0.8671681575856148,31/20,0.6239316239316239,0.43159829059829063,0.797979797979798,9/26,0.7575250836120402,0.8478260869565217,0.6319444444444444,0.7636554621848739,0.7192982456140351,0.36507936507936506,18.0,25
pk_mucape,0.5956521739130435,0.4741919191919192,0.7074495691343516,40/46,0.7338709677419355,0.5894791400595998,0.8827194410527744,31/20,0.5811965811965812,0.35747066942719113,0.7777777777777778,9/26,0.6287625418060201,0.30434782608695654,0.7013888888888888,0.5640756302521008,0.5847953216374269,0.5714285714285714,15.0,25
pk_td2,0.35679347826086955,0.24604615435443372,0.4861747994652406,40/46,0.5161290322580645,0.33981584821428573,0.7174013687600643,31/20,0.4465811965811966,0.23386195286195285,0.6616372053872054,9/26,0.3695652173913043,0.2080745341614907,0.4583333333333333,0.31407563025210083,0.43567251461988304,0.47619047619047616,15.0,25
pk_wspd_hgz,0.6775793650793651,0.5218701979224292,0.8165793258465672,36/28,0.7368421052631579,0.5801924558554057,0.8903299224521636,31/19,0.35555555555555557,0.1,0.65,5/9,0.6892857142857143,0.6377551020408163,0.6727272727272727,0.671304347826087,0.36666666666666664,0.3333333333333333,11.0,15
pk_hour,0.6644021739130435,0.5510967079259413,0.7668581248244781,40/46,0.7274193548387097,0.6116469622331691,0.8416761363636364,31/20,0.6517094017094017,0.4757962962962963,0.8148518518518518,9/26,0.7157190635451505,0.7220496894409938,0.6597222222222222,0.6701680672268907,0.5877192982456141,0.8253968253968254,17.0,25
pk_mlcape,0.5081521739130435,0.3827175735506012,0.6390655628155628,40/46,0.5983870967741935,0.4199216974700803,0.8096153846153846,31/20,0.5641025641025641,0.37373737373737376,0.7729569243156199,9/26,0.5167224080267558,0.2795031055900621,0.6875,0.44432773109243695,0.5730994152046783,0.5396825396825397,15.0,25
pk_sbcape,0.43043478260869567,0.30977824639837104,0.5820877287085047,40/46,0.45645161290322583,0.29805469252688666,0.653797328570468,31/20,0.6538461538461539,0.44871003482114596,0.8357602944559467,9/26,0.362876254180602,0.35403726708074534,0.4722222222222222,0.4275210084033613,0.631578947368421,0.7142857142857143,13.0,25
pk_rh85_50,0.3875,0.27088552422854745,0.5136963732861565,40/45,0.4475806451612903,0.2795199692780338,0.6222043010752687,31/20,0.31555555555555553,0.14276556776556776,0.5079670329670329,9/25,0.37948717948717947,0.3888888888888889,0.19444444444444445,0.4615800865800866,0.3395061728395062,0.25396825396825395,11.0,25
pk_lapse36,0.7942934782608696,0.6978666785863281,0.8696236887577888,40/46,0.8943548387096775,0.8048949275362319,0.9664235522931175,31/20,0.5085470085470085,0.32407407407407407,0.686525974025974,9/26,0.7683946488294314,0.4503105590062112,0.9027777777777778,0.7421218487394958,0.5614035087719298,0.36507936507936506,21.0,25
pk_cape_above_m10,0.65,0.5443612171168591,0.7605464789097651,40/46,0.7435483870967742,0.5922832874196511,0.8960596750919332,31/20,0.6111111111111112,0.42857142857142855,0.7955555555555556,9/26,0.6906354515050167,0.32919254658385094,0.7430555555555556,0.6292016806722689,0.6140350877192983,0.6031746031746031,15.0,25
pk_eff_shear,0.7448369565217391,0.6359232497992905,0.8420080771792634,40/46,0.8362903225806452,0.718165973460091,0.9379498342650769,31/20,0.6752136752136753,0.48444444444444446,0.8622328042328042,9/26,0.7792642140468228,0.3447204968944099,0.7569444444444444,0.7426470588235294,0.7426900584795322,0.49206349206349204,18.0,25
conv_max_wmax,0.6760869565217391,0.5386662377056715,0.7964159152032906,40/46,0.7774193548387097,0.5999230769230769,0.9193962249373434,31/20,0.4017094017094017,0.2132265856319152,0.6191651969429747,9/26,0.6538461538461539,0.43167701863354035,0.625,0.7016806722689075,0.4619883040935672,0.23809523809523808,14.0,25
conv_max_lapse,,,,0/0,,,,0/0,,,,0/0,,,,,,,0.0,0
conv_max_ship,0.6505434782608696,0.5109212538575664,0.7800088593576966,40/46,0.7266129032258064,0.5463656633221851,0.9022323125264301,31/20,0.42094017094017094,0.21549206349206348,0.6466746031746031,9/26,0.6103678929765887,0.39751552795031053,0.6284722222222222,0.6586134453781513,0.4766081871345029,0.2698412698412698,12.0,25
wmax_if_lapse,0.7741847826086956,0.6581741207121147,0.871200594672817,40/46,0.8661290322580645,0.7488043091168091,0.967328861369109,31/20,0.5555555555555556,0.36417761847869373,0.7777777777777778,9/26,0.7951505016722408,0.4394409937888199,0.8125,0.7531512605042017,0.6286549707602339,0.35714285714285715,18.0,25
cape_hgz_if_lapse,0.6983695652173914,0.5914827604456088,0.8108893178893178,40/46,0.7806451612903226,0.6233823529411765,0.9285866693761431,31/20,0.6089743589743589,0.4193272677143645,0.8133333333333334,9/26,0.7140468227424749,0.38198757763975155,0.7777777777777778,0.6790966386554622,0.631578947368421,0.5476190476190477,18.0,25
