id,date,type,group,damaging,inumet,level,environment,peak_time,mucape,shear06,lapse,t500,ship,max_showers,error
2021-07-28-aeropuerto-de-carrasco,2021-07-28,hail,hail_small,false,none,calm,weak,2021-07-28T14:00,237,34.2,—,—,—,0.4,
2021-07-28-aeropuerto-de-laguna-del-sauce,2021-07-28,hail,hail_small,false,none,watch,supportive,2021-07-28T12:00,361,18.3,6.75,-32.2,0.03,1.1,
ctl-2021-08-08-suls,2021-08-08,control,control,false,unknown,calm,weak,2021-08-08T16:00,362,28.6,5.62,-13.3,0.05,0.5,
ctl-2021-08-08-sumu,2021-08-08,control,control,false,unknown,calm,weak,2021-08-08T21:00,293,29.9,5.78,-14.0,0.04,0.8,
2021-08-21-aeropuerto-de-laguna-del-sauce,2021-08-21,hail,hail_small,false,unknown,protect,strong,2021-08-22T04:00,732,34.0,6.82,-14.5,0.29,1.4,
ctl-2021-10-02-suso,2021-10-02,control,control,false,unknown,watch,supportive,2021-10-02T17:00,1140,25.0,7.04,-14.2,0.70,1.2,
ctl-2021-10-10-suso,2021-10-10,control,control,false,unknown,watch,supportive,2021-10-10T22:00,323,23.2,6.79,-14.9,0.05,3.7,
ctl-2021-10-13-suso,2021-10-13,control,control,false,unknown,calm,weak,2021-10-13T12:00,191,31.5,4.83,-10.0,0.01,0.5,
2021-12-21-rivera,2021-12-21,hail,hail_unknown,,unknown,protect,strong,2021-12-21T14:00,1549,22.4,7.27,-11.2,0.80,0.8,
ctl-2022-01-04-sumu,2022-01-04,control,control,false,unknown,watch,supportive,2022-01-04T15:00,1729,14.0,6.65,-10.0,0.52,0.9,
2022-01-17-montevideo,2022-01-17,control,control,false,orange,watch,supportive,2022-01-17T03:00,1151,25.0,6.67,-9.8,0.54,2.8,
ctl-2022-01-17-suso,2022-01-17,control,control,false,unknown,watch,supportive,2022-01-17T02:00,591,16.1,6.61,-7.2,0.07,0.8,
2022-04-26-casupa,2022-04-26,hail,hail_small,false,unknown,protect,strong,2022-04-26T22:00,1398,31.5,6.52,-8.6,0.69,3.5,
2022-07-10-san-ramon,2022-07-10,hail,damaging,true,unknown,protect,strong,2022-07-10T16:00,1456,28.1,8.09,-14.0,1.17,2.6,
ctl-2022-09-01-suls,2022-09-01,control,control,false,unknown,calm,weak,2022-08-31T22:00,103,15.2,5.94,-12.8,0.00,0.3,
ctl-2022-09-01-suso,2022-09-01,control,control,false,unknown,calm,weak,2022-09-01T10:00,132,25.9,5.92,-12.8,0.01,0.8,
ctl-2022-10-20-suso,2022-10-20,control,control,false,unknown,watch,supportive,2022-10-19T16:00,965,15.6,6.59,-13.1,0.27,4.2,
ctl-2022-10-29-suaa,2022-10-29,control,control,false,unknown,watch,supportive,2022-10-29T14:00,85,33.6,7.02,-13.1,0.00,0.5,
2022-10-31-aeropuerto-de-carrasco,2022-10-31,hail,hail_small,false,none,calm,weak,2022-10-31T06:00,230,48.7,2.89,-18.0,0.00,0.4,
2022-12-10-durazno,2022-12-10,control,control,false,orange,calm,weak,2022-12-10T16:00,728,17.0,5.62,-8.9,0.09,0.3,
2022-12-28-salto,2022-12-28,hail,hail_unknown,,unknown,watch,supportive,2022-12-28T16:00,855,10.0,6.59,-13.3,0.13,0.1,
2023-01-01-montevideo,2023-01-01,control,control,false,yellow,watch,supportive,2023-01-01T16:00,406,27.8,6.71,-11.7,0.09,0.0,
2023-03-29-paysandu,2023-03-29,control,control,false,orange,watch,supportive,2023-03-29T18:00,1753,18.5,6.56,-9.8,0.68,7.6,
ctl-2023-05-26-sudu,2023-05-26,control,control,false,unknown,watch,supportive,2023-05-26T15:00,261,30.4,6.60,-14.0,0.04,1.2,
ctl-2023-05-26-suls,2023-05-26,control,control,false,unknown,calm,weak,2023-05-26T12:00,180,22.5,5.24,-11.9,0.01,1.5,
2023-07-06-mercedes,2023-07-06,hail,hail_small,false,yellow,watch,supportive,2023-07-06T00:00,716,28.3,7.40,-17.0,0.35,2.4,
2023-09-17-balneario-buenos-aires-la-barrajose-ignacio,2023-09-17,hail,hail_unknown,,yellow,protect,strong,2023-09-17T16:00,722,38.7,6.74,-10.0,0.19,1.0,
2023-09-17-barros-blancos,2023-09-17,hail,hail_unknown,,unknown,protect,strong,2023-09-17T23:00,1015,37.0,6.53,-11.0,0.40,0.9,
2023-10-03-artigas,2023-10-03,hail,damaging,true,orange,protect,strong,2023-10-03T22:00,1105,35.3,6.67,-9.3,0.41,2.8,
ctl-2023-10-11-suls,2023-10-11,control,control,false,unknown,watch,supportive,2023-10-11T01:00,432,33.0,7.37,-16.1,0.12,2.4,
ctl-2023-10-11-sumu,2023-10-11,control,control,false,unknown,protect,strong,2023-10-11T02:00,757,33.2,6.60,-15.2,0.31,3.0,
2023-10-30-aeropuerto-de-carrasco,2023-10-30,hail,hail_small,false,unknown,protect,strong,2023-10-30T02:00,1239,33.9,7.05,-14.5,0.87,1.9,
2023-11-08-salto,2023-11-08,hail,hail_unknown,,yellow,protect,strong,2023-11-08T11:00,1955,26.5,6.57,-7.5,0.83,2.0,
ctl-2023-11-10-suca,2023-11-10,control,control,false,unknown,calm,weak,2023-11-10T16:00,189,34.2,6.10,-6.3,0.01,0.0,
2023-12-01-colonia-del-sacramento-aeropuerto,2023-12-01,hail,hail_small,false,orange,protect,strong,2023-12-01T10:00,1350,30.6,6.66,-8.9,0.70,3.8,
2023-12-17-colonia-del-sacramento,2023-12-17,control,control,false,orange,watch,supportive,2023-12-17T02:00,1901,16.3,6.63,-5.6,0.37,3.2,
2023-12-17-mercedes,2023-12-17,control,control,false,orange,watch,supportive,2023-12-17T14:00,1794,19.5,6.65,-6.5,0.49,3.8,
2023-12-17-montevideo,2023-12-17,control,control,false,orange,watch,supportive,2023-12-17T06:00,1556,15.8,6.88,-6.5,0.36,3.4,
2023-12-17-san-jose-de-mayo,2023-12-17,control,control,false,orange,watch,supportive,2023-12-17T03:00,1731,16.0,6.56,-5.4,0.32,4.1,
2024-01-16-baltasar-brum,2024-01-16,hail,hail_unknown,,orange,protect,strong,2024-01-16T17:00,1563,28.9,6.60,-6.3,0.57,5.3,
2024-02-04-rivera,2024-02-04,hail,hail_unknown,,unknown,watch,supportive,2024-02-04T09:00,2290,9.0,6.50,-8.2,0.36,5.9,
2024-02-23-lascano,2024-02-23,hail,hail_unknown,,unknown,calm,weak,2024-02-23T15:00,1083,13.0,4.64,-7.0,0.10,0.4,
2024-02-23-tranqueras,2024-02-23,hail,hail_unknown,,unknown,calm,weak,2024-02-23T15:00,801,12.2,4.87,-7.2,0.05,0.2,
2024-03-02-montevideo,2024-03-02,control,control,false,yellow,watch,supportive,2024-03-02T16:00,1302,18.9,6.51,-9.1,0.47,1.3,
2024-03-09-fray-bentos,2024-03-09,control,control,false,orange,protect,strong,2024-03-09T00:00,1602,28.3,6.76,-8.9,0.84,4.0,
2024-04-26-solis-de-mataojo,2024-04-26,hail,damaging,true,orange,protect,strong,2024-04-26T13:00,598,34.8,6.52,-10.7,0.15,3.0,
2024-05-10-salto-aeropuerto,2024-05-10,hail,hail_small,false,yellow,watch,supportive,2024-05-10T13:00,188,29.3,6.50,-11.2,0.01,0.9,
2024-06-14-florida,2024-06-14,hail,hail_unknown,,unknown,protect,strong,2024-06-14T15:00,621,37.6,7.30,-13.3,0.25,1.8,
2024-06-14-ismael-cortinas,2024-06-14,hail,hail_unknown,,yellow,protect,strong,2024-06-14T16:00,653,40.2,7.35,-14.0,0.29,2.0,
2024-06-22-trinidad,2024-06-22,hail,damaging,true,orange,protect,strong,2024-06-22T05:00,1682,24.9,7.02,-12.6,1.07,3.3,
2024-07-24-carmelo,2024-07-24,hail,hail_unknown,,unknown,watch,supportive,2024-07-24T20:00,266,27.4,7.65,-18.4,0.05,0.2,
ctl-2024-08-03-suaa,2024-08-03,control,control,false,unknown,calm,weak,2024-08-03T04:00,112,27.6,5.85,-10.3,0.00,0.5,
ctl-2024-08-03-suca,2024-08-03,control,control,false,unknown,calm,weak,2024-08-03T10:00,142,41.2,6.25,-12.8,0.01,0.5,
2024-08-05-las-flores,2024-08-05,hail,hail_unknown,,unknown,protect,strong,2024-08-05T15:00,1008,26.9,6.76,-12.8,0.57,2.2,
2024-08-06-salto-aeropuerto,2024-08-06,hail,hail_unknown,,unknown,watch,strong,2024-08-06T14:00,1290,28.5,6.54,-12.4,0.91,3.5,
2024-08-20-rio-branco,2024-08-20,hail,hail_small,false,yellow,calm,supportive,2024-08-20T22:00,217,26.5,6.61,-10.5,0.02,0.6,
ctl-2024-08-31-suls,2024-08-31,control,control,false,unknown,calm,weak,2024-08-31T06:00,101,33.7,6.20,-13.5,0.00,0.1,
ctl-2024-08-31-sumu,2024-08-31,control,control,false,unknown,calm,weak,2024-08-31T05:00,102,32.2,6.21,-13.5,0.00,0.5,
2024-09-09-barra-del-chuy,2024-09-09,hail,hail_unknown,,unknown,protect,strong,2024-09-09T23:00,1585,30.1,7.27,-12.6,1.22,1.5,
2024-09-09-el-pinar-ciudad-de-la-costa,2024-09-09,hail,damaging,true,orange,watch,strong,2024-09-09T20:00,706,36.0,6.60,-13.8,0.25,2.0,
2024-09-19-salto,2024-09-19,hail,hail_unknown,,yellow,protect,strong,2024-09-19T16:00,3728,17.0,6.93,-10.7,1.52,1.2,
2024-09-24-baltasar-brum,2024-09-24,hail,damaging,true,orange,protect,strong,2024-09-24T00:00,1734,29.3,6.91,-7.7,0.81,0.5,
2024-09-30-fray-marcos,2024-09-30,hail,hail_small,false,unknown,protect,strong,2024-09-30T18:00,1949,32.0,6.66,-10.0,1.13,2.8,
ctl-2024-10-07-suso,2024-10-07,control,control,false,unknown,calm,supportive,2024-10-06T17:00,224,24.4,6.82,-8.4,0.02,0.4,
2024-10-17-salto-aeropuerto,2024-10-17,hail,hail_unknown,,none,calm,weak,2024-10-17T12:00,120,28.7,5.94,-9.1,0.00,0.9,
ctl-2024-10-23-suca,2024-10-23,control,control,false,unknown,calm,weak,2024-10-23T16:00,966,19.2,5.19,-7.5,0.16,3.2,
ctl-2024-10-23-sumu,2024-10-23,control,control,false,unknown,calm,weak,2024-10-23T20:00,214,24.2,5.02,-7.7,0.01,1.4,
ctl-2024-10-24-suls,2024-10-24,control,control,false,unknown,calm,supportive,2024-10-24T11:00,562,18.9,6.67,-10.3,0.10,4.5,
2024-11-27-durazno,2024-11-27,control,control,false,yellow,watch,strong,2024-11-27T12:00,2389,32.2,6.60,-10.5,1.45,2.9,
2024-11-27-trinidad,2024-11-27,control,control,false,yellow,watch,strong,2024-11-27T10:00,2184,26.4,6.64,-11.0,1.36,3.0,
ctl-2024-11-27-sudu,2024-11-27,control,control,false,unknown,watch,strong,2024-11-27T12:00,2213,32.1,6.60,-10.5,1.34,2.9,
2024-12-01-isidoro-noblia,2024-12-01,hail,damaging,true,red,watch,strong,2024-12-01T17:00,1903,34.6,6.54,-5.8,0.63,0.0,
2024-12-01-montevideo,2024-12-01,control,control,false,orange,calm,supportive,2024-12-01T11:00,476,37.5,6.56,-9.8,0.08,1.4,
2025-01-01-montevideo,2025-01-01,hail,hail_unknown,,yellow,watch,strong,2025-01-01T18:00,1562,29.1,6.58,-13.3,1.19,2.4,
2025-02-11-carmelo,2025-02-11,control,control,false,yellow,watch,supportive,2025-02-11T14:00,582,18.9,6.81,-8.2,0.09,1.4,
ctl-2025-02-11-suca,2025-02-11,control,control,false,unknown,watch,strong,2025-02-10T22:00,3910,14.0,6.54,-5.6,0.65,0.0,
ctl-2025-02-11-suls,2025-02-11,control,control,false,unknown,watch,supportive,2025-02-11T06:00,463,17.3,6.56,-8.9,0.05,2.5,
2025-02-14-young-zona-rural-rio-negro,2025-02-14,hail,damaging,true,unknown,calm,weak,2025-02-14T21:00,573,26.6,5.11,-7.0,0.06,0.9,
ctl-2025-02-16-suso,2025-02-16,control,control,false,unknown,calm,supportive,2025-02-15T16:00,296,24.2,6.54,-8.9,0.03,2.4,
2025-02-22-juan-lacaze,2025-02-22,hail,damaging,true,unknown,watch,strong,2025-02-22T19:00,2194,19.7,6.61,-5.4,0.51,1.0,
2025-03-03-clara,2025-03-03,hail,hail_unknown,,unknown,watch,strong,2025-03-03T18:00,3524,14.6,6.58,-6.5,0.71,0.0,
2025-03-28-piriapolis,2025-03-28,hail,hail_unknown,,unknown,calm,supportive,2025-03-28T13:00,1266,20.2,6.97,-13.3,0.72,3.8,
2025-04-17-villa-25-de-agosto,2025-04-17,hail,damaging,true,orange,watch,strong,2025-04-17T17:00,1043,26.9,6.63,-15.6,0.66,0.0,
ctl-2025-05-07-suls,2025-05-07,control,control,false,unknown,watch,supportive,2025-05-07T04:00,371,20.3,6.53,-12.1,0.04,2.1,
ctl-2025-05-08-sumu,2025-05-08,control,control,false,unknown,protect,strong,2025-05-07T18:00,1120,30.8,6.87,-12.1,0.62,2.3,
2025-05-17-paysandu,2025-05-17,hail,hail_unknown,,unknown,watch,strong,2025-05-17T17:00,1639,22.6,6.70,-11.7,0.94,0.0,
ctl-2025-05-26-surv,2025-05-26,control,control,false,unknown,watch,supportive,2025-05-26T02:00,251,29.8,6.59,-12.8,0.03,2.4,
ctl-2025-05-26-suso,2025-05-26,control,control,false,unknown,watch,supportive,2025-05-26T01:00,687,21.6,6.61,-12.4,0.17,3.2,
2025-06-16-rivera,2025-06-16,hail,damaging,true,unknown,watch,supportive,2025-06-16T19:00,395,26.1,6.67,-12.8,0.07,3.2,
ctl-2025-06-18-suso,2025-06-18,control,control,false,unknown,watch,strong,2025-06-18T02:00,693,34.7,6.80,-14.5,0.26,1.4,
ctl-2025-07-16-sumu,2025-07-16,control,control,false,unknown,calm,weak,2025-07-15T16:00,427,16.5,5.67,-14.9,0.05,1.2,
ctl-2025-07-16-suso,2025-07-16,control,control,false,unknown,watch,supportive,2025-07-16T11:00,390,17.1,6.82,-15.4,0.06,1.9,
2025-07-26-termas-del-arapey,2025-07-26,hail,hail_unknown,,yellow,watch,supportive,2025-07-26T22:00,556,31.0,6.51,-14.2,0.16,1.9,
2025-08-01-colonia-del-sacramento-aeropuerto,2025-08-01,hail,hail_small,false,unknown,watch,strong,2025-08-01T23:00,539,37.0,6.92,-14.9,0.16,0.0,
ctl-2025-08-18-surv,2025-08-18,control,control,false,unknown,calm,weak,2025-08-19T02:00,60,24.1,5.90,-11.0,0.00,0.5,
ctl-2025-08-18-suso,2025-08-18,control,control,false,unknown,calm,supportive,2025-08-18T16:00,336,20.5,6.50,-12.1,0.04,0.3,
ctl-2025-08-19-surv,2025-08-19,control,control,false,unknown,calm,weak,2025-08-19T02:00,60,24.1,5.90,-11.0,0.00,0.5,
2025-08-31-salto-aeropuerto,2025-08-31,hail,hail_small,false,unknown,watch,supportive,2025-08-31T14:00,907,23.5,6.58,-11.2,0.35,1.4,
2025-09-22-minas,2025-09-22,hail,hail_unknown,,none,watch,supportive,2025-09-22T17:00,333,19.7,6.50,-24.3,0.05,0.7,
2025-10-05-carmelo,2025-10-05,control,control,false,orange,protect,strong,2025-10-05T14:00,779,35.7,7.84,-12.1,0.34,3.6,
2025-10-05-paysandu,2025-10-05,control,control,false,orange,protect,strong,2025-10-05T11:00,1506,28.3,6.54,-8.9,0.77,1.5,
ctl-2025-11-04-surv,2025-11-04,control,control,false,unknown,watch,strong,2025-11-04T18:00,2560,23.2,6.92,-11.7,1.56,0.0,
ctl-2025-11-16-surv,2025-11-16,control,control,false,unknown,watch,supportive,2025-11-15T18:00,2925,12.7,6.54,-8.6,0.67,2.5,
ctl-2025-11-16-suso,2025-11-16,control,control,false,unknown,watch,strong,2025-11-16T00:00,1819,24.1,7.58,-9.6,1.03,0.0,
2025-11-20-trinidad,2025-11-20,hail,hail_unknown,,unknown,watch,supportive,2025-11-20T18:00,524,28.5,6.73,-12.6,0.13,0.6,
ctl-2025-12-01-surv,2025-12-01,control,control,false,unknown,watch,strong,2025-12-01T14:00,1030,28.6,6.87,-11.4,0.47,1.4,
ctl-2025-12-20-suso,2025-12-20,control,control,false,unknown,calm,supportive,2025-12-20T10:00,685,21.2,6.61,-7.7,0.13,0.0,
ctl-2025-12-24-surv,2025-12-24,control,control,false,unknown,calm,supportive,2025-12-23T19:00,1161,17.0,6.54,-7.7,0.29,2.3,
2026-02-11-cebollati,2026-02-11,hail,damaging,true,unknown,watch,supportive,2026-02-11T00:00,1113,24.6,7.07,-9.1,0.49,0.4,
ctl-2026-02-19-surv,2026-02-19,control,control,false,unknown,calm,weak,2026-02-18T14:00,2190,20.8,5.49,-6.1,0.47,1.2,
2026-02-23-san-jose-de-mayo,2026-02-23,control,control,false,yellow,calm,weak,2026-02-23T16:00,1250,20.6,5.65,-11.0,0.47,4.2,
ctl-2026-02-24-suls,2026-02-24,control,control,false,unknown,watch,supportive,2026-02-23T19:00,1280,15.9,6.59,-11.2,0.48,4.8,
ctl-2026-02-24-surv,2026-02-24,control,control,false,unknown,calm,weak,2026-02-23T16:00,1589,16.8,5.70,-7.9,0.38,2.1,
ctl-2026-03-17-sudu,2026-03-17,control,control,false,unknown,calm,weak,2026-03-17T20:00,379,18.4,5.25,-7.2,0.02,1.3,
ctl-2026-03-29-suls,2026-03-29,control,control,false,unknown,watch,supportive,2026-03-29T00:00,410,24.9,6.52,-8.6,0.06,3.0,
ctl-2026-04-03-sumu,2026-04-03,control,control,false,unknown,watch,strong,2026-04-03T21:00,1557,26.4,6.61,-10.7,0.94,0.0,
2026-04-26-barra-del-chuy,2026-04-26,hail,hail_unknown,,none,protect,strong,2026-04-26T13:00,1189,34.9,6.53,-18.4,0.92,1.6,
2026-05-05-san-javier-y-tres-quintas,2026-05-05,hail,hail_unknown,,unknown,watch,strong,2026-05-05T15:00,2614,18.2,7.07,-11.7,1.28,0.0,
2026-05-07-rivera,2026-05-07,control,control,false,yellow,calm,supportive,2026-05-07T12:00,764,28.9,6.56,-9.6,0.25,0.0,
2026-05-07-tacuarembo,2026-05-07,control,control,false,orange,watch,supportive,2026-05-07T11:00,873,24.1,6.52,-10.0,0.30,3.9,
ctl-2026-05-07-suls,2026-05-07,control,control,false,unknown,protect,strong,2026-05-06T15:00,2575,24.9,6.64,-11.7,1.61,5.1,
ctl-2026-05-07-suso,2026-05-07,control,control,false,unknown,protect,strong,2026-05-07T01:00,2201,23.0,6.60,-10.0,1.06,4.2,
2026-07-02-montevideo,2026-07-02,hail,hail_small,false,unknown,calm,weak,2026-07-02T13:00,112,53.0,1.78,-19.1,0.00,0.3,
2026-07-27-tomas-gomensoro,2026-07-27,hail,damaging,true,yellow,protect,strong,2026-07-27T20:00,2147,25.1,7.48,-11.2,1.46,3.0,
2026-07-28-artigas,2026-07-28,hail,hail_unknown,,unknown,protect,strong,2026-07-28T17:00,2623,24.9,6.73,-12.6,1.79,7.2,
2026-08-01-salto,2026-08-01,control,control,false,orange,watch,supportive,2026-08-01T04:00,328,33.0,6.50,-10.7,0.04,2.0,
2026-08-06-mercedes,2026-08-06,hail,hail_unknown,,unknown,watch,strong,2026-08-06T09:00,1049,32.5,7.38,-15.6,0.71,0.0,
2026-08-16-nico-perez,2026-08-16,hail,hail_unknown,,unknown,watch,supportive,2026-08-16T18:00,844,27.1,6.50,-11.2,0.31,2.0,
2026-08-17-rivera-aeropuerto,2026-08-17,hail,hail_unknown,,orange,watch,supportive,2026-08-17T01:00,742,25.2,6.51,-10.0,0.22,2.1,
2026-08-27-piedras-coloradas,2026-08-27,hail,damaging,true,orange,protect,strong,2026-08-27T20:00,1093,46.1,6.79,-13.1,0.58,6.2,
2026-08-27-salto,2026-08-27,hail,hail_unknown,,orange,protect,strong,2026-08-27T18:00,1743,39.0,6.69,-11.0,0.98,3.0,
2026-08-27-treinta-y-tres,2026-08-27,hail,hail_unknown,,orange,protect,strong,2026-08-27T05:00,1184,37.8,6.97,-13.5,0.73,3.9,
2026-08-27-vichadero,2026-08-27,hail,damaging,true,orange,protect,strong,2026-08-27T20:00,1303,39.3,6.88,-11.9,0.84,3.8,
2026-09-05-aeropuerto-de-laguna-del-sauce,2026-09-05,hail,hail_small,false,none,calm,weak,2026-09-05T12:00,385,36.6,—,—,—,0.7,
2026-09-06-aeropuerto-de-melilla,2026-09-06,hail,hail_small,false,none,calm,weak,2026-09-05T14:00,277,35.4,—,—,—,0.4,
2026-09-20-rivera-aeropuerto,2026-09-20,hail,hail_unknown,,orange,protect,strong,2026-09-21T02:00,2039,36.8,8.48,-13.3,1.97,8.0,
2026-09-27-la-vibora-rutas-2-y-24-cerca-de-fray-bentos,2026-09-27,hail,damaging,true,orange,protect,strong,2026-09-27T23:00,1175,36.0,6.54,-8.4,0.46,3.4,
2026-09-27-paysandu,2026-09-27,hail,hail_unknown,,orange,protect,strong,2026-09-27T02:00,1191,31.5,6.62,-10.0,0.63,3.0,
2026-09-27-rivera,2026-09-27,hail,hail_unknown,,none,protect,strong,2026-09-27T04:00,889,35.2,6.64,-9.8,0.30,3.4,
2026-09-27-young,2026-09-27,hail,hail_unknown,,orange,protect,strong,2026-09-27T22:00,918,34.9,6.58,-8.2,0.28,3.6,
