id,date,season,type,damaging,matched_to,mucape,shear,lapse,coldAloft,ship,wmaxshear,mixr,showers,precip,coldWithCape,shearWithCape
2021-07-28-aeropuerto-de-carrasco,2021-07-28,cold,hail,false,,241.06,36.47,7.99,33.40,0.01,743.61,5.64,0.40,0.40,,
2021-07-28-aeropuerto-de-laguna-del-sauce,2021-07-28,cold,hail,false,,407.50,33.41,8.34,35.20,0.03,663.45,5.85,1.10,3.70,,
ctl-2021-08-08-suls,2021-08-08,cold,control,false,2026-08-16-nico-perez,362.10,39.56,6.20,15.20,0.05,769.41,10.82,0.50,0.50,,
ctl-2021-08-08-sumu,2021-08-08,cold,control,false,2026-08-06-mercedes,292.68,47.35,6.49,15.60,0.04,723.01,10.45,0.80,6.90,,
2021-08-21-aeropuerto-de-laguna-del-sauce,2021-08-21,cold,hail,false,,731.52,41.09,7.02,17.30,0.29,1299.83,9.11,1.40,1.40,14.90,35.47
ctl-2021-10-02-suso,2021-10-02,warm,control,false,2026-08-27-salto,1140.12,31.82,7.26,15.40,0.70,1192.66,11.76,1.20,1.20,15.40,27.46
ctl-2021-10-10-suso,2021-10-10,warm,control,false,2024-10-17-salto-aeropuerto,418.98,26.58,7.40,15.40,0.07,590.02,11.31,3.70,5.30,,
ctl-2021-10-13-suso,2021-10-13,warm,control,false,2024-09-24-baltasar-brum,225.87,40.47,7.14,11.40,0.01,615.40,12.64,0.50,13.70,,
2021-12-21-rivera,2021-12-21,warm,hail,,,1843.89,26.71,7.27,11.20,0.80,1268.45,16.30,0.80,17.70,11.20,26.48
ctl-2022-01-04-sumu,2022-01-04,warm,control,false,2025-01-01-montevideo,1868.94,20.24,7.32,11.20,0.52,824.72,16.72,0.90,0.90,11.20,18.32
2022-01-17-montevideo,2022-01-17,warm,control,false,,2055.82,30.63,7.02,9.80,1.00,1670.16,18.00,2.80,50.20,9.80,28.64
ctl-2022-01-17-suso,2022-01-17,warm,control,false,2024-01-16-baltasar-brum,1464.45,24.65,6.65,7.70,0.22,1055.56,16.10,0.80,0.80,7.20,23.31
2022-04-26-casupa,2022-04-26,cold,hail,false,,1705.05,32.21,7.81,12.40,0.91,1695.18,15.72,3.50,3.50,12.40,32.21
2022-07-10-san-ramon,2022-07-10,cold,hail,true,,1771.44,35.41,9.30,16.60,1.50,1515.30,13.18,2.60,2.60,16.60,35.35
ctl-2022-09-01-suls,2022-09-01,cold,control,false,2026-08-17-rivera-aeropuerto,110.61,25.60,6.30,14.50,0.00,217.48,9.97,0.30,8.10,,
ctl-2022-09-01-suso,2022-09-01,cold,control,false,2026-08-27-piedras-coloradas,160.05,31.85,6.33,13.30,0.01,420.38,11.37,0.80,5.80,,
ctl-2022-10-20-suso,2022-10-20,warm,control,false,2026-09-27-rivera,1301.46,23.65,7.22,15.20,0.49,873.82,13.54,4.20,14.50,14.00,22.86
ctl-2022-10-29-suaa,2022-10-29,warm,control,false,2026-09-27-young,177.70,40.46,7.50,14.90,0.01,438.63,11.25,0.50,0.50,,
2022-10-31-aeropuerto-de-carrasco,2022-10-31,warm,hail,false,,273.77,55.96,6.74,26.10,0.02,1045.97,8.84,0.40,1.30,,
2022-12-10-durazno,2022-12-10,warm,control,false,,1000.02,23.80,7.11,9.30,0.10,649.41,14.78,0.30,0.00,8.90,17.68
2022-12-28-salto,2022-12-28,warm,hail,,,994.44,20.86,7.56,14.70,0.16,457.02,10.23,0.10,0.10,13.50,11.85
2023-01-01-montevideo,2023-01-01,warm,control,false,,661.50,33.84,6.97,11.90,0.13,822.36,15.13,0.00,1.30,10.50,21.68
2023-03-29-paysandu,2023-03-29,warm,control,false,,2967.54,24.40,6.87,10.00,0.69,1129.11,17.14,7.60,8.10,10.00,22.09
ctl-2023-05-26-sudu,2023-05-26,cold,control,false,2024-06-22-trinidad,372.05,31.31,7.04,14.00,0.08,752.12,13.65,1.20,27.90,,
ctl-2023-05-26-suls,2023-05-26,cold,control,false,2024-06-14-florida,179.72,35.14,6.47,14.00,0.01,425.99,12.72,1.50,19.70,,
2023-07-06-mercedes,2023-07-06,cold,hail,false,,820.59,38.92,7.54,18.70,0.40,1069.14,12.09,2.40,2.40,18.00,28.26
2023-09-17-balneario-buenos-aires-la-barrajose-ignacio,2023-09-17,cold,hail,,,752.20,47.50,7.16,11.40,0.20,1568.73,9.53,1.00,2.60,10.00,43.28
2023-09-17-barros-blancos,2023-09-17,cold,hail,,,1014.69,46.80,7.16,11.20,0.40,1668.96,10.30,0.90,1.00,11.20,42.91
2023-10-03-artigas,2023-10-03,warm,hail,true,,1105.42,38.47,7.42,10.00,0.41,1658.62,10.78,2.80,2.80,10.00,38.47
ctl-2023-10-11-suls,2023-10-11,warm,control,false,2024-09-09-barra-del-chuy,617.66,35.94,7.41,16.60,0.20,969.52,10.78,2.40,10.80,15.40,28.71
ctl-2023-10-11-sumu,2023-10-11,warm,control,false,2026-08-27-treinta-y-tres,759.13,43.09,7.37,16.60,0.35,1347.47,10.78,3.00,3.30,16.10,37.25
2023-10-30-aeropuerto-de-carrasco,2023-10-30,warm,hail,false,,1650.50,43.44,8.17,15.90,1.37,1686.27,13.37,1.90,3.90,15.60,35.87
2023-11-08-salto,2023-11-08,warm,hail,,,2257.15,29.11,7.40,9.10,0.85,1725.19,17.58,2.00,2.10,9.10,29.11
ctl-2023-11-10-suca,2023-11-10,warm,control,false,2026-09-27-paysandu,189.36,38.87,6.90,11.70,0.01,665.86,12.76,0.00,8.80,,
2023-12-01-colonia-del-sacramento-aeropuerto,2023-12-01,warm,hail,false,,2421.37,44.03,7.30,10.30,0.71,1591.29,18.18,3.80,23.50,10.30,30.62
2023-12-17-colonia-del-sacramento,2023-12-17,warm,control,false,,2747.22,43.33,6.79,7.20,0.44,1421.17,18.77,3.20,7.30,7.20,43.33
2023-12-17-mercedes,2023-12-17,warm,control,false,,2333.34,32.02,7.23,8.20,0.53,1261.34,19.00,3.80,3.90,7.90,26.85
2023-12-17-montevideo,2023-12-17,warm,control,false,,1754.26,38.04,7.11,7.90,0.40,987.19,17.47,3.40,5.70,7.90,25.34
2023-12-17-san-jose-de-mayo,2023-12-17,warm,control,false,,2163.88,36.43,6.94,8.20,0.43,1400.09,18.45,4.10,10.80,8.20,33.76
2024-01-16-baltasar-brum,2024-01-16,warm,hail,,,3401.31,36.78,6.72,6.50,0.80,2035.39,20.32,5.30,5.30,6.30,32.18
2024-02-04-rivera,2024-02-04,warm,hail,,,3669.53,13.75,6.50,9.60,0.57,924.58,17.76,5.90,7.50,9.60,13.75
2024-02-23-lascano,2024-02-23,warm,hail,,,1082.51,14.60,6.04,8.40,0.10,605.65,15.16,0.40,0.60,8.20,14.60
2024-02-23-tranqueras,2024-02-23,warm,hail,,,1392.80,19.05,6.87,10.50,0.09,487.58,14.79,0.20,1.50,7.90,12.90
2024-03-02-montevideo,2024-03-02,warm,control,false,,1449.09,30.80,6.87,10.30,0.57,1232.36,16.98,1.30,1.30,10.30,27.51
2024-03-09-fray-bentos,2024-03-09,warm,control,false,,2027.52,28.29,7.50,10.70,0.92,1601.00,16.58,4.00,4.00,9.80,28.29
2024-04-26-solis-de-mataojo,2024-04-26,cold,hail,true,,737.64,38.63,7.18,11.70,0.25,1201.98,15.29,3.00,9.40,11.40,34.76
2024-05-10-salto-aeropuerto,2024-05-10,cold,hail,false,,416.57,39.37,6.89,12.80,0.05,975.84,9.80,0.90,1.30,,
2024-06-14-florida,2024-06-14,cold,hail,,,621.00,43.86,7.46,16.30,0.25,1324.58,13.53,1.80,1.80,14.90,38.84
2024-06-14-ismael-cortinas,2024-06-14,cold,hail,,,652.99,43.71,7.45,16.30,0.29,1454.18,13.28,2.00,2.00,14.90,40.89
2024-06-22-trinidad,2024-06-22,cold,hail,true,,1841.31,32.11,7.82,15.40,1.07,1446.41,13.76,3.30,3.30,15.40,32.11
2024-07-24-carmelo,2024-07-24,cold,hail,,,292.82,33.60,8.13,20.30,0.05,632.15,10.96,0.20,0.40,,
ctl-2024-08-03-suaa,2024-08-03,cold,control,false,2024-08-05-las-flores,299.16,48.84,6.39,12.80,0.01,412.51,12.27,0.50,4.10,,
ctl-2024-08-03-suca,2024-08-03,cold,control,false,2024-07-24-carmelo,359.59,49.79,6.76,16.60,0.02,693.76,11.30,0.50,9.00,,
2024-08-05-las-flores,2024-08-05,cold,hail,,,1007.64,32.73,7.37,14.50,0.57,1205.64,13.28,2.20,20.10,14.20,29.45
2024-08-06-salto-aeropuerto,2024-08-06,cold,hail,,,1381.63,30.91,7.59,14.50,1.10,1445.67,14.66,3.50,3.50,14.20,30.45
2024-08-20-rio-branco,2024-08-20,cold,hail,false,,295.43,32.78,6.81,11.90,0.03,651.46,9.49,0.60,3.10,,
ctl-2024-08-31-suls,2024-08-31,cold,control,false,2023-09-17-balneario-buenos-aires-la-barrajose-ignacio,100.88,44.97,6.59,14.50,0.00,479.16,8.33,0.10,5.10,,
ctl-2024-08-31-sumu,2024-08-31,cold,control,false,2024-09-09-el-pinar-ciudad-de-la-costa,102.20,43.63,6.71,14.20,0.00,461.01,8.63,0.50,11.80,,
2024-09-09-barra-del-chuy,2024-09-09,cold,hail,,,1585.16,38.83,8.07,15.20,1.22,1694.41,13.07,1.50,1.60,13.30,37.26
2024-09-09-el-pinar-ciudad-de-la-costa,2024-09-09,cold,hail,true,,715.79,38.66,7.79,16.80,0.26,1351.67,10.29,2.00,2.10,14.50,38.66
2024-09-19-salto,2024-09-19,cold,hail,,,3779.45,28.10,7.60,11.70,1.52,1469.92,16.47,1.20,1.20,11.70,28.10
2024-09-24-baltasar-brum,2024-09-24,cold,hail,true,,1786.04,41.56,7.98,9.60,0.95,1727.69,15.52,0.50,0.50,9.60,36.40
2024-09-30-fray-marcos,2024-09-30,cold,hail,false,,2755.80,42.15,8.14,12.80,1.71,1995.93,16.80,2.80,28.30,12.80,39.96
ctl-2024-10-07-suso,2024-10-07,warm,control,false,2024-09-19-salto,224.46,35.81,7.46,10.50,0.02,516.88,13.36,0.40,1.80,,
2024-10-17-salto-aeropuerto,2024-10-17,warm,hail,,,183.74,30.39,8.06,12.60,0.01,444.24,11.52,0.90,6.80,,
ctl-2024-10-23-suca,2024-10-23,warm,control,false,2026-09-27-la-vibora-rutas-2-y-24-cerca-de-fray-bentos,965.70,32.34,6.07,9.30,0.16,845.72,16.36,3.20,23.70,7.70,21.55
ctl-2024-10-23-sumu,2024-10-23,warm,control,false,2023-09-17-barros-blancos,257.03,35.83,5.95,9.60,0.01,501.19,14.44,1.40,9.70,,
ctl-2024-10-24-suls,2024-10-24,warm,control,false,2025-09-22-minas,857.36,32.89,7.27,13.10,0.22,772.58,15.83,4.50,5.10,12.10,21.60
2024-11-27-durazno,2024-11-27,warm,control,false,,2389.18,34.72,7.49,12.10,1.57,2222.71,17.68,2.90,22.10,12.10,32.85
2024-11-27-trinidad,2024-11-27,warm,control,false,,2183.65,37.26,7.45,13.10,1.36,1837.63,16.93,3.00,15.30,13.10,31.73
ctl-2024-11-27-sudu,2024-11-27,warm,control,false,2025-11-20-trinidad,2322.71,33.21,7.49,12.10,1.34,2134.23,17.86,2.90,9.00,12.10,32.38
2024-12-01-isidoro-noblia,2024-12-01,warm,hail,true,,4073.11,36.85,6.85,10.00,1.29,2418.34,20.87,3.10,34.30,7.20,33.12
2024-12-01-montevideo,2024-12-01,warm,control,false,,476.12,56.55,7.04,12.80,0.08,1155.97,12.83,1.40,19.00,,
2025-01-01-montevideo,2025-01-01,warm,hail,,,1909.36,29.44,6.72,13.30,1.25,1761.80,15.27,2.40,4.30,13.30,29.44
2025-02-11-carmelo,2025-02-11,warm,control,false,,870.52,33.25,7.25,9.30,0.16,902.51,16.60,1.40,1.40,8.20,23.50
ctl-2025-02-11-suca,2025-02-11,warm,control,false,2025-02-22-juan-lacaze,1393.43,38.09,6.67,8.90,0.10,843.35,16.19,0.70,0.70,7.90,25.81
ctl-2025-02-11-suls,2025-02-11,warm,control,false,2026-02-11-cebollati,1999.70,30.04,7.08,9.80,0.36,1037.79,18.02,2.50,4.10,6.80,18.24
2025-02-14-young-zona-rural-rio-negro,2025-02-14,warm,hail,true,,592.64,31.06,6.38,8.60,0.06,901.04,12.51,0.90,0.90,7.00,26.61
ctl-2025-02-16-suso,2025-02-16,warm,control,false,2025-02-14-young-zona-rural-rio-negro,1440.00,28.42,6.55,8.90,0.41,1220.18,18.52,2.40,8.60,8.90,26.46
2025-02-22-juan-lacaze,2025-02-22,warm,hail,true,,2693.09,23.51,6.97,8.90,0.59,1306.80,18.67,1.00,1.00,8.90,23.51
2025-03-03-clara,2025-03-03,warm,hail,,,1829.34,22.66,6.07,6.10,0.34,1208.94,18.47,0.30,1.20,6.10,22.66
2025-03-28-piriapolis,2025-03-28,warm,hail,,,1737.36,36.53,6.97,13.50,0.75,1097.11,15.19,3.80,3.70,13.30,30.12
2025-04-17-villa-25-de-agosto,2025-04-17,cold,hail,true,,742.89,35.31,6.79,16.60,0.30,1177.40,10.84,3.30,8.00,15.40,31.18
ctl-2025-05-07-suls,2025-05-07,cold,control,false,2024-04-26-solis-de-mataojo,483.22,27.69,7.40,14.90,0.07,556.69,12.71,2.10,12.10,,
ctl-2025-05-08-sumu,2025-05-08,cold,control,false,2024-06-14-ismael-cortinas,1270.00,36.01,7.24,13.30,0.81,1457.71,13.79,2.30,4.50,13.30,34.56
2025-05-17-paysandu,2025-05-17,cold,hail,,,1248.31,20.87,7.68,13.80,0.50,904.13,14.31,3.60,3.60,13.80,20.41
ctl-2025-05-26-surv,2025-05-26,cold,control,false,2025-06-16-rivera,623.02,31.08,7.38,14.00,0.15,693.94,13.64,2.40,5.90,12.80,20.88
ctl-2025-05-26-suso,2025-05-26,cold,control,false,2025-05-17-paysandu,1399.16,22.83,7.43,14.70,0.53,904.83,14.63,3.20,3.20,14.70,21.64
2025-06-16-rivera,2025-06-16,cold,hail,true,,592.50,29.31,6.79,13.10,0.10,732.80,12.49,3.20,5.20,12.40,22.42
ctl-2025-06-18-suso,2025-06-18,cold,control,false,2025-07-26-termas-del-arapey,803.78,39.84,7.92,15.90,0.35,1292.40,10.36,1.40,2.60,14.90,34.71
ctl-2025-07-16-sumu,2025-07-16,cold,control,false,2022-07-10-san-ramon,467.39,28.03,7.18,17.30,0.05,483.47,10.83,1.20,2.00,,
ctl-2025-07-16-suso,2025-07-16,cold,control,false,2026-07-27-tomas-gomensoro,1614.16,26.92,6.82,15.40,0.89,1085.29,13.02,1.90,1.90,15.40,21.59
2025-07-26-termas-del-arapey,2025-07-26,cold,hail,,,764.71,31.00,7.80,15.90,0.26,1033.65,11.29,1.90,2.10,15.40,31.00
2025-08-01-colonia-del-sacramento-aeropuerto,2025-08-01,cold,hail,false,,641.17,37.75,7.89,16.10,0.26,1112.27,11.46,1.50,6.50,15.60,32.96
ctl-2025-08-18-surv,2025-08-18,cold,control,false,2026-07-28-artigas,89.15,27.38,6.70,13.30,0.00,264.20,11.01,0.50,3.00,,
ctl-2025-08-18-suso,2025-08-18,cold,control,false,2024-08-06-salto-aeropuerto,580.02,25.26,6.74,13.50,0.08,608.56,10.18,0.30,0.30,12.10,18.98
ctl-2025-08-19-surv,2025-08-19,cold,control,false,2026-08-27-vichadero,89.15,38.66,6.70,13.30,0.00,264.20,11.11,0.50,5.20,,
2025-08-31-salto-aeropuerto,2025-08-31,cold,hail,false,,907.05,24.45,7.04,12.10,0.35,1000.63,14.05,1.40,1.40,11.90,23.78
2025-09-22-minas,2025-09-22,cold,hail,,,768.86,43.84,8.24,27.50,0.16,507.56,7.56,0.70,0.70,27.30,13.39
2025-10-05-carmelo,2025-10-05,warm,control,false,,1342.09,55.31,8.30,16.10,0.70,1470.93,14.72,3.60,20.00,12.80,37.27
2025-10-05-paysandu,2025-10-05,warm,control,false,,1983.23,32.96,7.66,9.10,0.86,1844.70,16.47,1.50,1.50,9.10,32.96
ctl-2025-11-04-surv,2025-11-04,warm,control,false,2026-09-20-rivera-aeropuerto,2559.65,30.53,7.34,12.80,1.56,1745.84,14.90,0.00,0.00,12.60,25.36
ctl-2025-11-16-surv,2025-11-16,warm,control,false,2023-10-03-artigas,3146.46,34.01,7.04,10.50,0.78,1210.03,17.18,2.50,6.60,10.50,32.80
ctl-2025-11-16-suso,2025-11-16,warm,control,false,2023-11-08-salto,2014.77,34.22,7.20,11.40,0.71,1058.78,16.07,5.40,9.50,10.70,19.35
2025-11-20-trinidad,2025-11-20,warm,hail,,,811.32,43.16,7.13,13.80,0.28,1141.63,10.36,0.60,17.10,12.80,28.51
ctl-2025-12-01-surv,2025-12-01,warm,control,false,2024-12-01-isidoro-noblia,1030.23,32.47,7.31,12.40,0.47,1296.12,14.37,1.40,2.90,12.10,31.13
ctl-2025-12-20-suso,2025-12-20,warm,control,false,2022-12-28-salto,383.76,29.58,7.71,10.30,0.02,474.31,14.89,1.40,24.90,,
ctl-2025-12-24-surv,2025-12-24,warm,control,false,2021-12-21-rivera,1483.69,21.59,6.62,8.20,0.40,957.35,17.58,2.30,2.30,8.20,21.33
2026-02-11-cebollati,2026-02-11,warm,hail,true,,1540.65,28.10,7.47,10.00,0.68,1193.69,17.23,0.40,0.40,10.00,28.10
ctl-2026-02-19-surv,2026-02-19,warm,control,false,2024-02-04-rivera,2190.32,29.43,6.26,8.20,0.47,1377.36,14.79,1.20,1.20,7.50,25.87
2026-02-23-san-jose-de-mayo,2026-02-23,warm,control,false,,1250.42,20.61,6.57,11.70,0.47,1030.47,14.23,4.20,4.20,11.70,20.61
ctl-2026-02-24-suls,2026-02-24,warm,control,false,2024-02-23-lascano,1281.51,24.24,6.59,11.40,0.48,1073.42,15.02,4.80,4.80,11.40,24.24
ctl-2026-02-24-surv,2026-02-24,warm,control,false,2024-02-23-tranqueras,2342.54,18.45,6.59,9.80,0.43,949.35,16.72,2.10,2.10,9.80,16.84
ctl-2026-03-17-sudu,2026-03-17,warm,control,false,2025-03-03-clara,1170.68,22.19,5.94,8.40,0.09,505.20,15.27,1.30,1.40,8.40,13.47
ctl-2026-03-29-suls,2026-03-29,warm,control,false,2025-03-28-piriapolis,1830.99,29.17,6.82,8.60,0.52,1249.27,17.95,3.00,6.00,8.20,23.61
ctl-2026-04-03-sumu,2026-04-03,cold,control,false,2025-04-17-villa-25-de-agosto,1351.36,35.81,6.69,11.40,0.48,913.24,15.25,1.60,1.60,11.40,23.61
2026-04-26-barra-del-chuy,2026-04-26,cold,hail,,,1315.85,54.51,7.52,19.80,1.06,1943.69,11.48,1.60,1.60,19.80,40.19
2026-05-05-san-javier-y-tres-quintas,2026-05-05,cold,hail,,,1843.45,25.67,8.20,11.20,0.70,1298.79,16.09,2.10,4.80,11.00,25.67
2026-05-07-rivera,2026-05-07,cold,control,false,,2863.92,26.60,6.44,10.30,0.61,1240.47,16.63,3.20,3.20,10.30,26.60
2026-05-07-tacuarembo,2026-05-07,cold,control,false,,1666.87,49.35,6.77,13.30,0.54,1210.00,15.41,3.90,21.30,11.00,29.51
ctl-2026-05-07-suls,2026-05-07,cold,control,false,2026-04-26-barra-del-chuy,2680.56,32.16,7.02,12.60,1.61,1783.90,16.41,5.10,5.10,12.60,32.16
ctl-2026-05-07-suso,2026-05-07,cold,control,false,2026-05-05-san-javier-y-tres-quintas,2210.47,40.70,8.41,11.40,1.06,1527.94,15.79,4.20,4.40,11.40,40.07
2026-07-02-montevideo,2026-07-02,cold,hail,false,,167.73,54.60,4.90,26.80,0.00,794.88,4.78,0.30,0.30,,
2026-07-27-tomas-gomensoro,2026-07-27,cold,hail,true,,2477.69,28.12,8.01,12.60,1.50,1643.27,16.08,3.00,3.00,12.40,28.12
2026-07-28-artigas,2026-07-28,cold,hail,,,2623.47,38.95,7.53,14.20,1.79,1805.05,16.23,7.20,15.40,14.20,38.95
2026-08-01-salto,2026-08-01,cold,control,false,,2274.16,42.74,6.83,11.00,0.45,1068.15,16.57,2.00,5.50,10.70,25.93
2026-08-06-mercedes,2026-08-06,cold,hail,,,936.61,36.18,7.62,21.90,0.58,1175.53,12.87,3.30,11.70,17.00,28.11
2026-08-16-nico-perez,2026-08-16,cold,hail,,,843.81,40.59,7.74,14.50,0.31,1192.79,12.98,2.00,17.00,14.00,34.48
2026-08-17-rivera-aeropuerto,2026-08-17,cold,hail,,,2190.51,32.95,6.82,12.10,0.95,1762.92,16.47,2.10,2.10,12.10,31.89
2026-08-27-piedras-coloradas,2026-08-27,cold,hail,true,,1597.04,48.39,7.76,14.20,1.14,2382.84,12.63,6.20,6.20,14.20,48.39
2026-08-27-salto,2026-08-27,cold,hail,,,1771.96,42.38,7.97,12.60,1.12,2302.70,14.96,3.00,3.00,12.60,42.38
2026-08-27-treinta-y-tres,2026-08-27,cold,hail,,,1365.97,43.62,7.60,15.20,0.97,1838.81,11.93,3.90,31.70,14.20,42.47
2026-08-27-vichadero,2026-08-27,cold,hail,true,,2175.74,39.31,8.08,14.00,1.43,2006.53,15.73,3.80,3.90,14.00,39.31
2026-09-05-aeropuerto-de-laguna-del-sauce,2026-09-05,cold,hail,false,,391.18,42.73,6.90,26.40,0.03,1014.73,6.10,0.70,0.70,,
2026-09-06-aeropuerto-de-melilla,2026-09-06,cold,hail,false,,282.58,35.91,6.81,27.10,0.02,833.10,5.02,0.40,0.40,,
2026-09-20-rivera-aeropuerto,2026-09-20,cold,hail,,,2866.26,38.74,8.60,13.80,2.14,2350.36,15.59,8.00,14.10,13.80,38.74
2026-09-27-la-vibora-rutas-2-y-24-cerca-de-fray-bentos,2026-09-27,cold,hail,true,,1175.40,42.73,7.36,12.10,0.50,1744.89,13.15,3.40,3.40,12.10,41.54
2026-09-27-paysandu,2026-09-27,cold,hail,,,1366.73,40.09,6.94,11.20,0.63,1874.87,13.59,3.00,3.00,11.20,40.09
2026-09-27-rivera,2026-09-27,cold,hail,,,1212.01,41.04,6.76,10.50,0.51,1715.68,13.41,3.40,10.20,10.50,38.41
2026-09-27-young,2026-09-27,cold,hail,,,1108.12,41.51,7.39,12.40,0.38,1645.85,13.07,3.60,3.80,12.10,41.51
